ID,이름,나이,점수
1,이영희,66,67.4
2,이영희,52,70.1
3,김민지,28,88.6
4,김민지,54,89.4
5,김민지,24,61.4
6,박민수,43,91.7
7,이준호,23,67.6
8,최지훈,33,92.2
9,최지훈,28,98.2
10,김철수,43,66.7
11,이준호,62,92.5
12,박민수,30,94.1
13,최지훈,56,91.8
14,박민수,42,96.0
15,이영희,20,85.5
16,김민지,27,88.1
17,박민수,44,94.1
18,정수연,59,66.5
19,최지훈,34,78.2
20,홍길동,21,71.5
21,정수연,33,70.7
22,김민지,65,99.6
23,정수연,51,60.9
24,김철수,50,59.2
25,홍길동,28,88.7
26,이영희,53,61.9
27,이준호,33,60.6
28,이준호,53,77.7
29,김철수,59,73.8
30,김철수,61,81.0
31,이영희,21,51.5
32,홍길동,46,88.7
33,최지훈,35,56.1
34,홍길동,34,89.2
35,이준호,42,74.0
36,김철수,29,72.6
37,김민지,19,83.7
38,이영희,42,83.0
39,홍길동,29,58.9
40,김철수,56,91.5
41,최지훈,65,86.1
42,홍길동,39,68.3
43,박민수,65,87.7
44,박민수,25,81.8
45,김민지,42,72.0
46,김민지,43,69.5
47,박민수,25,87.4
48,이영희,59,68.8
49,김민지,50,85.6
50,박민수,59,92.1
51,최지훈,29,51.0
52,김철수,23,53.0
53,박민수,50,87.2
54,최지훈,67,66.5
55,정수연,66,70.8
56,홍길동,25,75.2
57,홍길동,40,80.1
58,김철수,42,54.0
59,김민지,53,50.2
60,박민수,53,51.4
61,김철수,45,54.1
62,박민수,29,51.3
63,김철수,56,79.3
64,이영희,36,81.8
65,이준호,28,54.2
66,김민지,21,69.2
67,이준호,57,51.4
68,이영희,52,97.4
69,이준호,51,61.9
70,김민지,60,54.7
71,김철수,67,89.5
72,최지훈,67,56.4
73,박민수,63,65.8
74,김철수,29,81.1
75,홍길동,49,77.2
76,박민수,27,88.9
77,박민수,26,68.1
78,이준호,39,78.3
79,홍길동,55,64.1
80,김민지,56,67.9
81,정수연,25,64.8
82,홍길동,31,81.7
83,박민수,23,82.5
84,홍길동,43,60.4
85,홍길동,18,99.1
86,김철수,67,57.4
87,이영희,25,69.5
88,이준호,50,96.7
89,김민지,55,53.3
90,홍길동,20,82.3
91,박민수,54,93.0
92,최지훈,38,51.2
93,김철수,43,77.4
94,최지훈,27,54.4
95,이준호,53,51.5
96,김철수,54,83.3
97,김민지,30,90.2
98,김민지,33,74.0
99,김철수,42,61.4
100,최지훈,39,56.3
101,김민지,32,99.8
102,정수연,58,55.7
103,정수연,38,85.6
104,박민수,42,97.9
105,김민지,29,79.2
106,박민수,56,68.6
107,이영희,19,83.9
108,최지훈,19,56.2
109,김민지,36,69.1
110,이준호,35,51.9
111,이준호,32,91.2
112,박민수,38,77.5
113,이영희,42,88.5
114,홍길동,40,67.3
115,홍길동,28,89.2
116,이준호,63,52.5
117,김민지,67,91.2
118,정수연,67,60.3
119,김민지,44,72.4
120,홍길동,41,70.6
121,박민수,48,81.2
122,이영희,43,78.4
123,홍길동,50,79.0
124,홍길동,60,54.8
125,이영희,37,59.6
126,이준호,39,54.7
127,이준호,26,93.0
128,김철수,58,59.4
129,정수연,59,59.9
130,김민지,27,93.8
131,홍길동,56,92.3
132,김철수,32,71.6
133,이준호,35,78.7
134,김철수,50,70.3
135,정수연,59,94.5
136,이준호,38,75.7
137,이준호,20,88.7
138,이준호,29,59.8
139,김철수,44,90.0
140,최지훈,48,66.1
141,박민수,44,92.9
142,정수연,39,76.6
143,홍길동,32,97.4
144,홍길동,59,90.5
145,김철수,25,59.6
146,정수연,39,77.2
147,박민수,56,96.5
148,정수연,51,87.9
149,이준호,46,98.3
150,정수연,33,50.7
151,김민지,46,97.4
152,김철수,27,92.3
153,홍길동,30,87.2
154,김철수,37,84.9
155,이준호,44,55.7
156,정수연,63,98.6
157,홍길동,46,68.0
158,박민수,19,87.8
159,최지훈,52,70.2
160,정수연,21,66.0
161,이영희,18,67.2
162,최지훈,18,69.0
163,김민지,37,59.7
164,김민지,67,95.3
165,이준호,67,65.6
166,김민지,48,53.8
167,이준호,64,89.9
168,최지훈,48,78.2
169,이영희,21,90.6
170,이영희,66,92.4
171,정수연,47,56.1
172,최지훈,65,70.2
173,홍길동,54,96.9
174,김민지,63,98.0
175,김철수,56,62.0
176,홍길동,61,62.7
177,정수연,54,67.6
178,최지훈,42,95.2
179,김민지,34,53.1
180,이영희,39,90.4
181,김철수,41,83.9
182,이영희,52,80.9
183,홍길동,65,63.5
184,박민수,46,99.3
185,최지훈,36,87.2
186,정수연,25,70.3
187,이영희,53,85.3
188,이영희,47,91.9
189,홍길동,63,92.2
190,홍길동,23,56.1
191,박민수,29,87.1
192,이준호,32,89.1
193,이영희,20,70.4
194,최지훈,50,65.0
195,이준호,20,77.8
196,김철수,33,76.4
197,박민수,49,81.4
198,김철수,52,78.5
199,정수연,43,87.0
200,정수연,21,89.3
201,이영희,48,59.8
202,김민지,22,55.9
203,이영희,62,58.3
204,홍길동,36,94.2
205,김철수,50,77.2
206,김철수,47,89.6
207,박민수,66,76.3
208,박민수,25,63.1
209,이준호,56,94.8
210,김민지,54,93.9
211,홍길동,43,99.3
212,박민수,45,70.2
213,박민수,58,79.0
214,이영희,50,73.1
215,김철수,33,53.9
216,이영희,52,80.9
217,최지훈,46,74.0
218,이영희,29,68.6
219,김철수,35,84.5
220,김민지,42,67.5
221,최지훈,39,60.4
222,김민지,26,54.8
223,김민지,64,52.9
224,김민지,67,93.4
225,이영희,40,85.7
226,최지훈,64,95.2
227,최지훈,27,65.4
228,김민지,59,90.8
229,김철수,33,60.3
230,홍길동,53,60.4
231,김민지,37,99.0
232,홍길동,23,97.0
233,이영희,20,91.5
234,김철수,44,53.3
235,최지훈,19,78.7
236,최지훈,59,89.0
237,김철수,28,87.1
238,김철수,27,82.1
239,최지훈,33,60.0
240,최지훈,65,79.3
241,이준호,53,88.8
242,이영희,59,51.6
243,홍길동,54,76.9
244,박민수,33,76.9
245,이준호,26,69.1
246,정수연,65,67.2
247,박민수,37,65.0
248,김민지,20,61.1
249,이준호,62,88.4
250,최지훈,57,80.2
251,김민지,67,51.8
252,이준호,64,65.8
253,정수연,33,54.3
254,김민지,28,86.9
255,이준호,59,67.1
256,김철수,60,61.7
257,최지훈,48,68.1
258,김민지,35,51.9
259,이영희,47,60.8
260,정수연,54,73.2
261,홍길동,35,53.5
262,이영희,49,69.5
263,이영희,50,97.5
264,홍길동,57,69.4
265,이준호,28,75.5
266,이영희,45,59.3
267,최지훈,59,81.6
268,박민수,34,99.1
269,최지훈,31,80.6
270,김철수,36,65.3
271,정수연,28,68.2
272,이준호,53,61.2
273,최지훈,63,90.3
274,박민수,59,50.9
275,최지훈,67,78.4
276,이준호,46,66.9
277,김민지,40,50.3
278,김철수,22,50.9
279,정수연,44,62.3
280,홍길동,55,76.6
281,박민수,67,81.3
282,박민수,32,88.0
283,이준호,56,94.9
284,홍길동,53,77.7
285,이준호,26,99.5
286,이준호,21,78.4
287,이준호,28,97.1
288,김민지,37,60.8
289,이영희,37,53.3
290,김철수,42,82.3
291,최지훈,51,91.5
292,김민지,35,77.1
293,박민수,33,84.7
294,최지훈,36,57.6
295,이영희,67,80.2
296,김민지,63,72.2
297,최지훈,37,82.6
298,박민수,38,72.5
299,최지훈,33,78.1
300,정수연,50,60.3
301,홍길동,23,69.7
302,김민지,33,82.5
303,최지훈,66,91.6
304,김민지,40,80.0
305,정수연,41,78.9
306,김철수,20,67.3
307,김민지,56,54.7
308,박민수,52,82.5
309,김민지,29,80.6
310,김민지,18,59.0
311,홍길동,48,83.0
312,이준호,65,88.1
313,박민수,34,64.8
314,김철수,35,77.9
315,김민지,62,51.8
316,최지훈,35,99.5
317,이영희,28,70.2
318,홍길동,48,79.6
319,이영희,54,85.3
320,김민지,64,97.2
321,김철수,55,83.6
322,이준호,44,95.8
323,홍길동,49,53.9
324,이영희,52,79.6
325,박민수,51,64.6
326,김민지,54,94.2
327,김민지,35,60.1
328,이영희,59,74.0
329,박민수,62,84.8
330,홍길동,51,51.1
331,정수연,51,56.2
332,김철수,26,64.6
333,정수연,50,58.8
334,이영희,34,93.6
335,정수연,28,82.0
336,이준호,39,52.9
337,이준호,25,81.7
338,김철수,61,61.7
339,김민지,25,54.4
340,김민지,25,85.7
341,이영희,67,92.1
342,홍길동,34,90.2
343,김민지,30,92.5
344,최지훈,59,57.4
345,홍길동,50,66.7
346,최지훈,25,77.4
347,이영희,26,69.8
348,이영희,29,68.1
349,이영희,29,73.4
350,김민지,33,71.0
351,김민지,26,79.4
352,정수연,35,57.4
353,홍길동,35,71.6
354,홍길동,33,79.1
355,김민지,56,69.4
356,박민수,20,55.5
357,김민지,52,73.3
358,홍길동,28,53.6
359,홍길동,37,96.1
360,박민수,61,75.4
361,김철수,25,62.5
362,최지훈,38,66.0
363,홍길동,63,89.2
364,이준호,52,60.0
365,이영희,46,84.2
366,정수연,50,74.4
367,김민지,66,61.8
368,정수연,64,55.6
369,홍길동,37,62.4
370,최지훈,18,94.1
371,홍길동,52,51.3
372,이준호,63,73.8
373,이영희,66,80.2
374,이준호,30,87.6
375,홍길동,33,81.4
376,정수연,55,67.7
377,김철수,42,73.3
378,최지훈,33,56.8
379,김철수,67,92.0
380,이준호,30,71.1
381,홍길동,62,69.1
382,박민수,19,57.1
383,이준호,52,84.1
384,최지훈,57,97.6
385,홍길동,28,54.4
386,이준호,60,89.1
387,최지훈,62,70.2
388,홍길동,36,71.5
389,홍길동,56,63.0
390,이준호,67,88.6
391,박민수,62,95.5
392,홍길동,24,87.8
393,박민수,31,83.0
394,최지훈,59,83.1
395,홍길동,61,69.7
396,김철수,19,88.6
397,이준호,22,55.4
398,홍길동,58,83.5
399,정수연,46,84.5
400,박민수,51,59.8
401,최지훈,21,67.5
402,이영희,42,93.1
403,박민수,55,73.4
404,최지훈,35,55.1
405,김철수,28,68.9
406,정수연,62,84.7
407,최지훈,36,98.6
408,최지훈,58,78.8
409,이영희,37,64.0
410,김철수,48,71.3
411,김민지,59,72.7
412,이준호,60,61.6
413,이영희,59,80.1
414,이준호,46,81.1
415,이준호,48,64.0
416,정수연,28,83.4
417,박민수,55,96.0
418,이영희,52,52.0
419,이영희,62,63.1
420,최지훈,43,68.0
421,홍길동,33,87.7
422,이준호,51,81.9
423,김철수,49,83.3
424,이영희,66,71.3
425,홍길동,45,84.1
426,최지훈,28,96.0
427,이영희,67,98.3
428,정수연,55,90.7
429,김철수,51,92.4
430,박민수,58,52.0
431,최지훈,55,76.6
432,김철수,29,64.1
433,김철수,21,98.2
434,박민수,29,94.0
435,정수연,63,90.3
436,홍길동,23,51.3
437,최지훈,33,68.9
438,김민지,67,54.3
439,이준호,18,80.0
440,최지훈,54,96.1
441,이준호,51,56.8
442,정수연,59,58.2
443,이준호,27,79.5
444,김철수,33,98.5
445,홍길동,59,93.1
446,김철수,47,63.0
447,이영희,19,82.5
448,정수연,32,91.0
449,이준호,30,64.0
450,이영희,25,84.6
451,정수연,26,79.3
452,이준호,31,57.7
453,최지훈,61,50.1
454,정수연,31,87.9
455,박민수,19,52.8
456,최지훈,30,95.4
457,김철수,51,87.2
458,김민지,61,70.2
459,정수연,35,72.7
460,김철수,19,81.4
461,김민지,49,62.7
462,홍길동,22,93.2
463,이준호,50,91.5
464,홍길동,57,98.7
465,김철수,65,68.0
466,박민수,57,52.1
467,박민수,49,66.1
468,이준호,19,71.7
469,박민수,40,62.2
470,김철수,60,85.9
471,정수연,57,94.5
472,박민수,59,99.0
473,김철수,59,76.0
474,박민수,19,82.0
475,이준호,62,67.9
476,최지훈,26,50.9
477,이영희,59,57.0
478,박민수,52,51.4
479,이영희,18,87.8
480,이영희,19,75.7
481,이영희,56,61.3
482,홍길동,21,85.8
483,정수연,25,56.6
484,정수연,25,71.4
485,정수연,52,89.9
486,이영희,67,93.4
487,이준호,37,54.7
488,이영희,23,92.8
489,이준호,34,60.9
490,김철수,56,56.0
491,이준호,37,76.8
492,이준호,18,68.9
493,홍길동,39,94.9
494,최지훈,26,84.0
495,박민수,46,97.4
496,홍길동,30,82.3
497,김민지,24,52.8
498,정수연,45,96.6
499,박민수,20,59.6
500,이영희,36,71.3
501,정수연,24,70.4
502,최지훈,44,66.0
503,이영희,53,52.0
504,이준호,45,75.4
505,김철수,47,81.2
506,이준호,60,61.1
507,홍길동,57,57.0
508,최지훈,45,64.9
509,정수연,35,81.7
510,김민지,23,63.8
511,정수연,65,98.5
512,홍길동,55,92.8
513,이영희,38,52.8
514,김철수,41,91.8
515,김민지,23,69.1
516,정수연,45,99.9
517,정수연,41,71.8
518,정수연,52,69.6
519,이준호,45,98.5
520,홍길동,35,65.9
521,이준호,29,84.3
522,김철수,45,90.4
523,최지훈,55,65.7
524,박민수,57,95.9
525,김철수,61,77.1
526,김민지,65,54.9
527,최지훈,47,69.2
528,이영희,34,86.6
529,이영희,38,98.6
530,최지훈,39,60.5
531,이영희,31,50.9
532,정수연,53,62.8
533,홍길동,46,51.6
534,이영희,41,59.2
535,김민지,33,56.1
536,김철수,51,63.1
537,김민지,42,58.0
538,정수연,32,95.4
539,최지훈,60,81.1
540,홍길동,32,51.7
541,최지훈,66,71.2
542,홍길동,46,53.2
543,김민지,36,80.7
544,이준호,66,72.8
545,이영희,21,60.7
546,정수연,62,88.6
547,이준호,64,81.6
548,이영희,61,81.0
549,박민수,35,84.2
550,최지훈,45,60.5
551,박민수,24,97.4
552,김민지,20,76.5
553,최지훈,37,89.7
554,이영희,40,60.3
555,최지훈,22,86.7
556,김민지,40,60.1
557,최지훈,26,96.3
558,박민수,46,70.9
559,이준호,38,78.3
560,홍길동,23,86.4
561,김철수,58,80.9
562,박민수,22,79.4
563,홍길동,46,67.5
564,김민지,25,68.9
565,홍길동,44,68.3
566,이준호,27,63.8
567,홍길동,21,57.1
568,최지훈,41,78.3
569,김철수,42,86.2
570,김철수,30,63.4
571,김민지,31,57.8
572,최지훈,44,63.5
573,정수연,48,94.3
574,김철수,26,56.7
575,박민수,53,55.5
576,이준호,41,57.4
577,이영희,40,51.0
578,김민지,24,90.5
579,이준호,39,78.2
580,이영희,22,82.6
581,이영희,38,70.6
582,홍길동,61,65.6
583,김철수,28,64.3
584,김철수,66,64.1
585,이영희,53,84.2
586,홍길동,58,59.8
587,이준호,18,94.4
588,최지훈,56,59.8
589,정수연,53,87.0
590,홍길동,34,86.2
591,김철수,67,84.0
592,김철수,56,90.1
593,박민수,35,66.0
594,정수연,47,91.0
595,김민지,27,67.0
596,이영희,62,95.1
597,홍길동,37,97.2
598,김철수,64,65.4
599,이영희,25,93.9
600,최지훈,21,80.6
601,홍길동,56,70.9
602,이영희,60,77.7
603,정수연,25,54.6
604,김민지,31,53.3
605,최지훈,33,53.7
606,박민수,37,85.6
607,이영희,38,90.3
608,김철수,24,72.0
609,김철수,20,94.2
610,이영희,21,52.0
611,김철수,60,70.3
612,이준호,62,57.6
613,이준호,50,59.9
614,홍길동,20,65.0
615,김철수,39,63.0
616,이준호,54,58.8
617,홍길동,47,88.7
618,김민지,20,51.3
619,김민지,42,88.7
620,최지훈,19,95.2
621,이준호,41,86.4
622,박민수,42,80.4
623,박민수,55,89.2
624,정수연,65,80.5
625,박민수,56,71.9
626,박민수,20,75.6
627,박민수,57,66.9
628,이영희,54,56.5
629,이준호,21,95.5
630,김민지,53,91.0
631,박민수,49,96.7
632,박민수,41,69.9
633,이영희,49,90.8
634,홍길동,36,72.9
635,이준호,55,82.0
636,김민지,62,95.5
637,정수연,55,70.7
638,이영희,55,85.9
639,김철수,42,70.2
640,최지훈,27,72.5
641,박민수,18,65.9
642,김민지,25,92.2
643,김민지,39,94.5
644,김민지,50,69.9
645,이영희,49,84.4
646,이영희,37,56.8
647,최지훈,47,74.6
648,박민수,30,91.8
649,최지훈,42,83.7
650,박민수,32,71.9
651,박민수,52,55.3
652,정수연,62,95.3
653,정수연,55,88.2
654,이영희,45,79.3
655,이준호,65,53.7
656,이준호,45,52.2
657,이준호,44,99.4
658,이영희,49,97.4
659,이준호,48,70.0
660,이준호,20,75.2
661,최지훈,63,81.3
662,이영희,39,88.6
663,최지훈,33,51.0
664,박민수,34,70.6
665,김민지,27,98.5
666,최지훈,43,92.2
667,이영희,49,93.5
668,최지훈,23,96.6
669,김철수,65,82.4
670,이영희,56,86.7
671,이준호,21,66.0
672,김민지,23,56.4
673,김철수,44,91.2
674,김철수,52,66.3
675,김민지,44,74.0
676,이준호,63,58.1
677,박민수,25,88.4
678,정수연,38,79.6
679,김철수,41,69.3
680,김철수,21,84.5
681,김철수,30,57.6
682,박민수,41,51.0
683,김철수,22,67.7
684,정수연,22,68.8
685,이준호,32,95.6
686,김민지,67,69.0
687,박민수,46,94.1
688,이영희,20,65.7
689,최지훈,33,82.8
690,박민수,32,70.3
691,김민지,31,73.0
692,이준호,62,87.9
693,홍길동,53,68.7
694,김민지,63,94.3
695,이준호,41,68.4
696,이준호,39,59.1
697,이준호,67,86.5
698,홍길동,40,57.8
699,박민수,57,56.2
700,김민지,33,65.9
701,이영희,36,76.0
702,홍길동,22,84.6
703,이준호,33,94.7
704,정수연,62,68.6
705,김철수,51,96.8
706,홍길동,29,92.2
707,김철수,22,72.3
708,김철수,65,61.5
709,박민수,55,85.8
710,김민지,54,56.6
711,박민수,54,93.4
712,최지훈,25,64.4
713,홍길동,41,93.0
714,정수연,39,96.6
715,박민수,53,66.6
716,이준호,34,89.7
717,박민수,53,50.1
718,홍길동,37,79.5
719,박민수,31,73.0
720,김민지,28,53.8
721,정수연,57,83.2
722,홍길동,19,94.0
723,홍길동,36,51.0
724,최지훈,42,55.5
725,정수연,53,91.5
726,이준호,52,95.7
727,이준호,26,88.0
728,이영희,24,85.9
729,이영희,64,85.3
730,이영희,40,63.3
731,김민지,41,83.8
732,홍길동,65,62.6
733,이준호,32,67.7
734,최지훈,62,88.7
735,이준호,42,60.0
736,이영희,60,73.7
737,이영희,33,99.9
738,이영희,59,81.8
739,이준호,62,76.2
740,이영희,42,64.9
741,최지훈,34,86.2
742,이준호,43,74.3
743,홍길동,36,76.0
744,홍길동,64,94.5
745,김민지,45,74.3
746,박민수,29,54.6
747,최지훈,36,85.4
748,이준호,21,87.3
749,이준호,26,62.4
750,박민수,64,83.3
751,김철수,55,54.9
752,김민지,27,82.8
753,정수연,47,93.5
754,정수연,60,58.4
755,박민수,28,93.7
756,이영희,48,56.8
757,홍길동,40,77.1
758,이준호,53,86.6
759,정수연,45,63.5
760,이준호,26,78.4
761,김철수,47,82.6
762,이영희,64,91.6
763,김철수,62,56.2
764,홍길동,23,71.3
765,홍길동,51,54.5
766,김민지,18,56.2
767,홍길동,30,60.9
768,김철수,57,59.8
769,최지훈,25,96.1
770,정수연,56,51.3
771,홍길동,60,92.7
772,최지훈,31,56.3
773,박민수,64,93.0
774,정수연,60,81.8
775,정수연,29,51.2
776,이영희,34,77.8
777,정수연,67,94.6
778,이준호,38,55.0
779,김민지,63,83.6
780,이영희,39,92.4
781,홍길동,19,69.8
782,이영희,30,51.9
783,정수연,40,89.5
784,김철수,55,54.0
785,최지훈,31,66.1
786,이영희,19,62.2
787,김민지,57,85.9
788,최지훈,27,57.1
789,홍길동,58,59.1
790,이준호,30,64.4
791,홍길동,51,58.4
792,김철수,32,71.3
793,김철수,26,88.6
794,김철수,44,73.4
795,박민수,56,69.4
796,홍길동,41,80.6
797,이준호,18,86.9
798,이영희,37,71.5
799,김철수,24,68.4
800,최지훈,63,51.2
801,이영희,43,93.2
802,이영희,65,94.2
803,홍길동,30,54.1
804,김민지,58,97.8
805,정수연,26,78.6
806,최지훈,32,79.9
807,김철수,51,74.1
808,이영희,56,99.5
809,박민수,18,66.2
810,이준호,56,63.0
811,김철수,28,68.0
812,김철수,19,98.2
813,김철수,67,58.9
814,최지훈,48,65.8
815,김민지,18,53.5
816,정수연,64,71.9
817,정수연,59,69.2
818,김민지,65,55.2
819,이준호,44,55.8
820,이영희,63,86.8
821,박민수,56,53.0
822,김철수,61,51.8
823,김철수,18,59.8
824,김철수,45,51.0
825,홍길동,43,98.2
826,이영희,55,60.9
827,이준호,50,52.5
828,최지훈,56,93.6
829,김철수,49,63.3
830,김철수,49,72.5
831,김민지,58,59.1
832,이영희,39,94.6
833,김철수,55,94.6
834,이준호,40,93.1
835,이영희,32,98.0
836,이준호,38,91.8
837,이준호,33,90.1
838,이준호,49,57.1
839,정수연,43,98.6
840,이준호,23,88.2
841,김철수,60,85.7
842,정수연,46,77.7
843,이영희,56,99.6
844,이준호,50,70.4
845,정수연,30,87.1
846,박민수,28,89.4
847,홍길동,45,99.6
848,최지훈,62,63.2
849,홍길동,29,79.7
850,홍길동,53,88.4
851,이준호,19,61.0
852,김철수,50,95.9
853,김철수,47,73.8
854,최지훈,61,53.4
855,이준호,39,98.0
856,정수연,30,88.0
857,최지훈,62,76.6
858,박민수,44,83.7
859,정수연,36,95.5
860,이준호,41,58.3
861,홍길동,56,74.1
862,홍길동,22,72.1
863,홍길동,53,71.2
864,홍길동,55,99.1
865,김민지,64,59.7
866,김철수,20,81.3
867,김철수,49,89.1
868,박민수,46,58.1
869,김민지,44,65.9
870,김철수,53,65.4
871,홍길동,37,77.6
872,박민수,45,74.0
873,최지훈,61,76.5
874,최지훈,53,54.4
875,박민수,49,90.8
876,정수연,40,60.0
877,홍길동,47,83.0
878,홍길동,45,82.9
879,최지훈,50,57.8
880,홍길동,64,86.0
881,최지훈,34,99.6
882,이영희,42,72.6
883,정수연,47,56.7
884,홍길동,38,84.5
885,홍길동,43,90.7
886,최지훈,33,86.9
887,최지훈,52,74.6
888,이준호,25,77.3
889,이영희,28,56.3
890,정수연,57,53.8
891,이준호,20,72.0
892,홍길동,34,85.7
893,김철수,25,74.6
894,이준호,57,60.6
895,이준호,26,65.7
896,박민수,42,95.3
897,김민지,45,59.3
898,이준호,46,89.6
899,이영희,42,87.5
900,정수연,46,64.0
901,최지훈,27,67.3
902,김민지,61,65.9
903,정수연,40,83.7
904,이준호,67,63.1
905,이준호,65,81.8
906,김민지,26,92.3
907,이영희,62,82.1
908,김철수,46,74.9
909,김민지,27,87.8
910,김철수,30,64.0
911,정수연,27,83.9
912,이준호,53,64.6
913,김철수,31,88.7
914,최지훈,22,50.5
915,홍길동,29,77.0
916,김민지,49,70.8
917,이준호,66,82.6
918,홍길동,66,99.1
919,정수연,25,76.5
920,김민지,45,91.5
921,홍길동,50,61.3
922,최지훈,44,96.5
923,이준호,29,89.9
924,최지훈,26,54.9
925,이영희,54,68.6
926,박민수,57,86.5
927,최지훈,63,78.8
928,홍길동,59,91.3
929,이준호,34,54.6
930,정수연,33,50.0
931,이준호,55,86.0
932,이영희,58,61.8
933,박민수,50,51.7
934,최지훈,42,57.1
935,박민수,42,80.3
936,이준호,25,53.2
937,박민수,28,83.1
938,홍길동,41,73.0
939,홍길동,55,80.9
940,이준호,18,83.0
941,정수연,24,98.8
942,홍길동,40,89.8
943,이준호,25,60.1
944,김철수,32,64.9
945,최지훈,51,75.4
946,박민수,56,61.8
947,김민지,40,71.3
948,이영희,35,55.9
949,최지훈,24,55.5
950,김철수,55,86.8
951,최지훈,26,52.9
952,홍길동,66,84.4
953,김철수,62,72.5
954,정수연,62,72.8
955,이준호,37,74.0
956,이영희,50,69.6
957,이영희,30,96.1
958,김철수,65,77.5
959,최지훈,43,50.3
960,이영희,29,73.3
961,정수연,44,88.5
962,홍길동,18,51.4
963,김철수,55,96.8
964,홍길동,61,50.5
965,이준호,18,54.1
966,이준호,48,98.4
967,홍길동,25,57.7
968,이준호,42,89.8
969,이준호,53,63.9
970,이준호,43,70.9
971,김철수,61,68.6
972,이준호,56,84.6
973,박민수,49,50.7
974,홍길동,49,78.3
975,정수연,36,62.5
976,김철수,24,82.3
977,정수연,57,76.7
978,김철수,38,80.0
979,이영희,38,67.1
980,이영희,19,64.2
981,이영희,41,68.3
982,이준호,65,83.0
983,김철수,18,70.0
984,최지훈,51,90.7
985,박민수,52,71.7
986,김민지,43,67.4
987,박민수,25,61.1
988,이영희,52,88.2
989,최지훈,23,72.0
990,정수연,25,81.7
991,홍길동,22,87.4
992,이준호,41,50.8
993,최지훈,44,86.8
994,이준호,57,71.8
995,김민지,60,50.0
996,최지훈,36,83.6
997,최지훈,43,66.7
998,최지훈,42,75.3
999,김철수,59,96.1
1000,김민지,18,94.4
1001,정수연,49,51.1
1002,홍길동,50,79.7
1003,김민지,33,72.1
1004,이영희,63,86.2
1005,홍길동,34,94.3
1006,박민수,43,56.5
1007,홍길동,24,64.8
1008,정수연,25,84.5
1009,이영희,18,73.5
1010,정수연,45,95.5
1011,이준호,62,76.6
1012,이영희,41,86.2
1013,이준호,42,72.3
1014,정수연,30,79.5
1015,홍길동,41,78.9
1016,이영희,39,71.7
1017,정수연,61,88.8
1018,최지훈,18,83.9
1019,이준호,28,69.4
1020,박민수,20,53.7
1021,최지훈,66,72.9
1022,박민수,34,53.9
1023,김민지,55,95.9
1024,박민수,28,89.2
1025,이영희,50,54.4
1026,김민지,63,69.9
1027,정수연,46,91.1
1028,이준호,25,97.0
1029,홍길동,42,94.4
1030,김민지,63,82.6
1031,최지훈,64,77.6
1032,이영희,30,57.3
1033,김철수,40,51.6
1034,이영희,29,81.1
1035,김철수,26,54.0
1036,이영희,45,97.4
1037,최지훈,45,96.5
1038,박민수,32,57.6
1039,정수연,18,91.7
1040,홍길동,52,96.3
1041,김민지,65,80.1
1042,김민지,53,77.6
1043,이영희,57,98.3
1044,김철수,27,77.3
1045,박민수,38,66.1
1046,김철수,27,59.2
1047,김철수,41,84.3
1048,최지훈,29,95.8
1049,김민지,32,79.1
1050,박민수,25,95.1
1051,이영희,51,67.7
1052,정수연,43,70.2
1053,박민수,29,60.8
1054,이영희,55,82.3
1055,이영희,24,91.8
1056,김철수,39,65.8
1057,김철수,40,86.7
1058,박민수,39,59.2
1059,김철수,41,88.2
1060,최지훈,59,90.6
1061,정수연,22,87.2
1062,이준호,28,84.4
1063,이준호,63,89.4
1064,정수연,47,98.5
1065,홍길동,23,53.2
1066,이영희,40,51.9
1067,홍길동,46,54.6
1068,홍길동,21,53.4
1069,정수연,65,95.1
1070,김민지,45,56.9
1071,이영희,35,98.0
1072,김민지,57,78.7
1073,김민지,52,60.3
1074,정수연,21,59.9
1075,최지훈,26,95.3
1076,이준호,61,59.1
1077,박민수,52,67.6
1078,이영희,41,85.3
1079,홍길동,49,60.1
1080,최지훈,65,56.4
1081,홍길동,55,55.3
1082,김철수,22,58.9
1083,이영희,29,92.8
1084,홍길동,63,74.2
1085,이준호,61,52.1
1086,김철수,35,90.1
1087,박민수,66,81.4
1088,정수연,36,71.0
1089,이영희,28,55.2
1090,박민수,40,87.3
1091,이영희,48,89.5
1092,최지훈,59,89.9
1093,박민수,22,81.4
1094,김철수,40,95.7
1095,김철수,38,72.4
1096,정수연,22,98.0
1097,최지훈,24,94.2
1098,최지훈,51,78.6
1099,홍길동,31,87.9
1100,이준호,50,59.9
1101,홍길동,41,69.0
1102,정수연,27,94.0
1103,김민지,63,99.7
1104,박민수,58,60.0
1105,홍길동,19,86.7
1106,이준호,24,95.3
1107,정수연,65,74.4
1108,홍길동,26,52.6
1109,김철수,40,64.8
1110,박민수,61,71.0
1111,김민지,39,89.0
1112,이영희,24,68.6
1113,이준호,44,61.2
1114,홍길동,66,79.1
1115,김민지,64,79.8
1116,김철수,28,54.3
1117,최지훈,26,75.8
1118,홍길동,62,64.3
1119,이영희,24,64.8
1120,김철수,25,97.8
1121,이준호,52,73.7
1122,이준호,41,99.0
1123,김민지,31,68.8
1124,김민지,18,54.0
1125,김철수,53,64.0
1126,이영희,57,98.4
1127,이준호,58,62.1
1128,박민수,30,84.3
1129,이영희,50,86.4
1130,최지훈,47,67.3
1131,최지훈,44,79.0
1132,김민지,66,77.6
1133,이영희,19,59.3
1134,홍길동,38,89.6
1135,이준호,22,70.0
1136,이영희,56,50.7
1137,김민지,36,53.8
1138,이영희,29,89.3
1139,홍길동,61,89.1
1140,박민수,67,55.2
1141,김민지,46,63.9
1142,김민지,61,94.6
1143,김민지,26,75.7
1144,이영희,60,71.3
1145,이준호,30,63.9
1146,홍길동,57,87.8
1147,정수연,18,58.9
1148,이영희,20,88.1
1149,최지훈,34,53.1
1150,김철수,30,86.5
1151,박민수,64,95.3
1152,이준호,54,52.3
1153,홍길동,56,83.6
1154,홍길동,22,93.7
1155,이영희,28,61.0
1156,이영희,49,70.1
1157,김철수,64,69.8
1158,이준호,37,56.3
1159,최지훈,42,92.2
1160,박민수,24,90.0
1161,최지훈,61,59.4
1162,박민수,18,56.5
1163,최지훈,54,51.6
1164,김민지,26,92.3
1165,이준호,60,72.5
1166,이영희,57,99.7
1167,정수연,54,68.0
1168,정수연,57,59.7
1169,최지훈,60,84.3
1170,이준호,25,57.1
1171,김민지,23,52.1
1172,김철수,51,51.5
1173,박민수,61,64.5
1174,최지훈,66,70.3
1175,홍길동,37,65.3
1176,김민지,49,58.6
1177,김민지,35,87.9
1178,이영희,64,71.7
1179,김철수,57,57.6
1180,정수연,35,57.9
1181,김철수,33,61.4
1182,김철수,39,90.6
1183,정수연,35,77.5
1184,김철수,50,70.9
1185,정수연,38,78.6
1186,박민수,30,94.1
1187,김민지,50,67.4
1188,정수연,51,53.7
1189,홍길동,34,72.0
1190,최지훈,67,83.2
1191,박민수,26,66.7
1192,박민수,65,60.2
1193,홍길동,51,57.6
1194,이준호,65,65.9
1195,최지훈,20,70.2
1196,이준호,59,95.2
1197,김철수,18,57.9
1198,이준호,26,52.7
1199,이준호,53,89.3
1200,이영희,65,52.8
1201,이영희,25,90.5
1202,홍길동,38,52.1
1203,홍길동,30,78.8
1204,홍길동,50,66.3
1205,김철수,20,70.9
1206,김민지,55,82.1
1207,최지훈,58,52.9
1208,홍길동,32,66.4
1209,박민수,66,73.5
1210,이준호,36,83.6
1211,최지훈,50,66.3
1212,김철수,28,67.9
1213,홍길동,40,61.9
1214,김철수,51,76.1
1215,박민수,21,55.9
1216,김철수,24,61.1
1217,박민수,39,64.7
1218,김민지,35,95.1
1219,김민지,59,97.0
1220,정수연,65,50.8
1221,김철수,40,55.7
1222,박민수,38,58.9
1223,홍길동,67,79.0
1224,김철수,23,57.8
1225,이준호,59,64.7
1226,이준호,21,58.3
1227,이영희,29,69.1
1228,이준호,51,75.9
1229,박민수,42,53.3
1230,이준호,54,82.6
1231,박민수,36,73.0
1232,이준호,19,63.0
1233,박민수,19,61.2
1234,박민수,55,90.8
1235,김민지,61,89.2
1236,최지훈,33,65.7
1237,박민수,51,98.4
1238,박민수,63,93.1
1239,이준호,44,67.5
1240,이영희,46,66.7
1241,홍길동,66,55.0
1242,정수연,37,56.1
1243,홍길동,60,94.0
1244,김철수,64,74.5
1245,김민지,35,98.1
1246,이영희,40,80.5
1247,김민지,21,67.3
1248,이영희,59,51.0
1249,김민지,54,87.7
1250,이준호,42,83.7
1251,김민지,55,64.3
1252,박민수,40,58.4
1253,김민지,39,90.1
1254,홍길동,30,63.2
1255,이영희,65,91.4
1256,김철수,65,94.8
1257,박민수,33,99.0
1258,최지훈,19,84.1
1259,최지훈,47,51.5
1260,이영희,35,92.5
1261,이준호,65,80.7
1262,이준호,29,59.2
1263,김철수,39,68.8
1264,이영희,60,74.2
1265,이영희,65,72.2
1266,이준호,53,61.3
1267,정수연,42,69.6
1268,홍길동,33,62.5
1269,김철수,37,56.1
1270,이영희,45,60.0
1271,홍길동,60,71.6
1272,김민지,55,80.9
1273,김민지,28,52.6
1274,정수연,61,65.5
1275,홍길동,48,66.3
1276,김민지,41,78.0
1277,김철수,61,76.7
1278,정수연,35,78.6
1279,최지훈,59,61.4
1280,김철수,32,55.9
1281,박민수,36,68.3
1282,정수연,65,79.6
1283,김철수,35,52.4
1284,정수연,31,55.8
1285,이준호,56,86.1
1286,김민지,33,63.1
1287,홍길동,34,79.6
1288,김민지,58,53.6
1289,김철수,25,76.7
1290,박민수,21,91.3
1291,이영희,29,88.2
1292,박민수,56,67.5
1293,김철수,47,78.8
1294,이준호,63,98.3
1295,홍길동,24,55.6
1296,김민지,62,64.6
1297,박민수,51,98.8
1298,박민수,66,63.4
1299,이영희,43,63.3
1300,박민수,55,71.6
1301,이준호,20,96.1
1302,김민지,48,69.2
1303,김민지,66,90.1
1304,최지훈,22,94.9
1305,김철수,30,98.3
1306,최지훈,28,98.9
1307,박민수,28,78.9
1308,김민지,66,78.7
1309,정수연,21,92.1
1310,최지훈,21,61.6
1311,이준호,42,80.4
1312,최지훈,46,66.6
1313,이준호,39,96.5
1314,정수연,28,70.8
1315,이영희,23,70.7
1316,김철수,42,75.5
1317,정수연,22,56.8
1318,홍길동,35,82.2
1319,이영희,22,52.0
1320,정수연,62,51.8
1321,홍길동,49,84.5
1322,이준호,37,90.6
1323,홍길동,53,74.6
1324,최지훈,56,53.7
1325,홍길동,40,57.8
1326,최지훈,63,97.7
1327,최지훈,47,70.2
1328,김철수,19,68.0
1329,최지훈,65,76.6
1330,이영희,62,66.8
1331,김민지,40,80.6
1332,이영희,43,71.7
1333,최지훈,56,68.5
1334,이준호,31,70.3
1335,홍길동,63,50.7
1336,최지훈,27,94.4
1337,홍길동,31,97.2
1338,홍길동,43,94.4
1339,홍길동,18,63.7
1340,최지훈,41,52.1
1341,이준호,64,58.4
1342,박민수,64,91.1
1343,이준호,37,71.1
1344,이준호,24,88.2
1345,정수연,20,95.6
1346,이준호,59,73.5
1347,이준호,42,84.7
1348,최지훈,64,84.4
1349,최지훈,59,51.1
1350,정수연,44,84.2
1351,최지훈,36,74.0
1352,김민지,45,85.8
1353,최지훈,66,82.8
1354,홍길동,41,56.9
1355,이준호,64,74.3
1356,박민수,26,93.6
1357,최지훈,53,93.3
1358,이준호,24,95.5
1359,김철수,37,96.1
1360,최지훈,37,83.3
1361,김철수,52,68.2
1362,김철수,38,76.2
1363,홍길동,36,51.4
1364,정수연,53,78.8
1365,김철수,42,69.4
1366,박민수,45,64.6
1367,김민지,26,68.3
1368,박민수,26,94.9
1369,김철수,29,80.6
1370,최지훈,28,96.8
1371,김철수,59,59.8
1372,이영희,28,52.7
1373,이준호,64,84.3
1374,최지훈,44,74.2
1375,이준호,25,86.4
1376,최지훈,26,93.4
1377,이준호,27,58.0
1378,김철수,52,98.9
1379,김철수,52,60.6
1380,김철수,67,54.6
1381,김민지,47,84.2
1382,이준호,59,97.1
1383,이영희,61,97.3
1384,이영희,58,60.7
1385,이준호,21,64.5
1386,홍길동,32,63.4
1387,이영희,20,78.3
1388,최지훈,53,56.1
1389,홍길동,24,61.0
1390,이준호,34,76.9
1391,최지훈,18,70.8
1392,최지훈,37,65.4
1393,박민수,52,77.0
1394,박민수,40,53.2
1395,정수연,40,61.6
1396,김민지,62,72.2
1397,최지훈,67,93.5
1398,김민지,33,59.8
1399,정수연,20,83.2
1400,김민지,46,73.7
1401,김민지,64,93.4
1402,이영희,53,53.3
1403,이영희,36,58.0
1404,이영희,18,55.7
1405,김민지,51,79.9
1406,이준호,48,52.4
1407,최지훈,32,89.5
1408,홍길동,33,79.2
1409,이영희,36,71.1
1410,홍길동,54,60.2
1411,이영희,24,98.2
1412,홍길동,34,74.5
1413,김민지,32,71.9
1414,김철수,23,73.5
1415,이준호,35,81.3
1416,이준호,21,53.2
1417,이영희,34,88.3
1418,박민수,32,77.7
1419,박민수,19,71.7
1420,정수연,64,70.3
1421,정수연,34,70.7
1422,이영희,27,78.7
1423,정수연,29,50.8
1424,이영희,67,51.3
1425,최지훈,58,61.0
1426,최지훈,23,80.7
1427,홍길동,24,67.3
1428,박민수,61,57.2
1429,이준호,33,82.5
1430,김철수,30,84.9
1431,이준호,25,84.8
1432,김철수,40,76.9
1433,박민수,62,56.1
1434,최지훈,38,91.7
1435,최지훈,36,93.0
1436,최지훈,65,52.7
1437,최지훈,45,84.8
1438,김철수,51,69.8
1439,김철수,36,73.9
1440,홍길동,52,73.2
1441,김민지,57,91.4
1442,김민지,30,99.2
1443,김철수,29,68.6
1444,박민수,53,55.7
1445,김민지,38,53.1
1446,김민지,63,53.0
1447,김철수,28,58.3
1448,김철수,30,71.3
1449,이영희,21,66.4
1450,이영희,21,65.0
1451,정수연,59,93.6
1452,김민지,38,92.0
1453,김민지,31,61.7
1454,김철수,19,74.6
1455,김철수,48,70.0
1456,김철수,51,87.6
1457,최지훈,33,93.5
1458,김철수,43,66.5
1459,이준호,53,81.0
1460,정수연,60,68.4
1461,박민수,66,67.1
1462,박민수,51,56.2
1463,정수연,64,93.7
1464,박민수,37,51.7
1465,김민지,24,97.2
1466,최지훈,19,86.9
1467,최지훈,57,79.9
1468,이영희,58,59.3
1469,이준호,56,86.7
1470,김민지,59,83.9
1471,김민지,61,72.6
1472,홍길동,39,85.5
1473,홍길동,42,52.2
1474,최지훈,53,84.4
1475,이영희,29,86.4
1476,정수연,33,87.8
1477,정수연,49,90.7
1478,홍길동,46,76.6
1479,이준호,56,86.8
1480,홍길동,63,50.4
1481,이영희,59,78.5
1482,정수연,32,65.5
1483,김민지,22,89.8
1484,김민지,40,74.1
1485,김민지,35,65.9
1486,홍길동,60,76.4
1487,이준호,38,62.7
1488,홍길동,47,74.6
1489,정수연,21,51.1
1490,이준호,28,87.9
1491,박민수,33,69.4
1492,이영희,58,79.6
1493,김민지,32,62.4
1494,김민지,53,90.5
1495,김철수,53,96.0
1496,홍길동,21,96.3
1497,박민수,54,72.9
1498,정수연,58,97.1
1499,김철수,62,86.6
1500,최지훈,38,68.3
1501,박민수,30,62.2
1502,최지훈,27,93.0
1503,이영희,40,73.3
1504,김민지,24,80.5
1505,이영희,21,52.5
1506,박민수,31,58.6
1507,최지훈,31,52.9
1508,이준호,33,83.6
1509,정수연,60,83.2
1510,김철수,47,78.8
1511,홍길동,38,76.6
1512,김민지,61,52.6
1513,박민수,24,90.0
1514,김민지,38,57.3
1515,정수연,35,81.3
1516,이영희,40,79.2
1517,홍길동,50,50.0
1518,최지훈,19,78.4
1519,홍길동,54,52.0
1520,김민지,45,96.2
1521,박민수,38,55.5
1522,박민수,61,85.3
1523,박민수,52,69.8
1524,김민지,62,57.0
1525,최지훈,61,86.2
1526,박민수,53,76.0
1527,정수연,49,73.1
1528,김철수,66,63.4
1529,김민지,51,80.9
1530,김철수,57,75.0
1531,박민수,48,74.0
1532,박민수,65,59.9
1533,홍길동,46,66.6
1534,이준호,47,86.9
1535,이준호,35,55.6
1536,최지훈,52,53.7
1537,박민수,23,82.6
1538,최지훈,37,92.3
1539,홍길동,37,66.1
1540,이영희,58,86.8
1541,김철수,46,85.1
1542,홍길동,28,67.9
1543,최지훈,61,59.8
1544,최지훈,60,89.2
1545,이준호,30,73.6
1546,이준호,44,59.7
1547,정수연,36,53.6
1548,김철수,26,65.9
1549,정수연,37,87.3
1550,정수연,37,87.5
1551,김민지,58,76.5
1552,홍길동,23,97.0
1553,김철수,23,93.4
1554,이준호,50,87.9
1555,최지훈,64,98.2
1556,이준호,23,57.8
1557,최지훈,29,77.6
1558,김철수,54,94.1
1559,김철수,30,93.9
1560,정수연,62,67.6
1561,김민지,39,84.7
1562,이준호,58,89.9
1563,김민지,67,90.3
1564,최지훈,61,93.6
1565,홍길동,40,77.8
1566,박민수,57,75.4
1567,박민수,22,60.7
1568,김민지,28,94.7
1569,박민수,34,76.7
1570,이준호,30,71.0
1571,이영희,49,99.9
1572,김민지,20,56.5
1573,이영희,26,74.1
1574,정수연,28,88.6
1575,최지훈,51,67.2
1576,최지훈,65,91.1
1577,이준호,38,59.0
1578,박민수,47,50.2
1579,최지훈,21,51.8
1580,정수연,67,65.3
1581,홍길동,34,74.3
1582,이영희,43,51.6
1583,김민지,48,57.8
1584,홍길동,37,75.2
1585,이영희,62,63.4
1586,이영희,27,85.3
1587,김철수,48,99.6
1588,김민지,36,54.8
1589,김철수,32,63.4
1590,박민수,24,60.0
1591,최지훈,30,82.2
1592,홍길동,29,66.9
1593,정수연,49,70.5
1594,최지훈,49,50.1
1595,김철수,62,62.9
1596,김철수,19,53.6
1597,김철수,37,78.8
1598,정수연,55,81.5
1599,박민수,63,89.3
1600,홍길동,37,66.1
1601,최지훈,40,85.5
1602,김민지,29,53.9
1603,김철수,63,51.2
1604,박민수,30,55.8
1605,최지훈,43,67.8
1606,홍길동,49,89.3
1607,박민수,34,73.3
1608,김철수,49,99.6
1609,김민지,51,54.3
1610,김철수,24,87.2
1611,정수연,32,55.5
1612,이영희,38,92.0
1613,박민수,51,61.0
1614,최지훈,64,57.5
1615,이영희,60,53.0
1616,박민수,48,91.5
1617,김민지,53,54.7
1618,최지훈,22,89.0
1619,정수연,42,95.6
1620,정수연,44,61.3
1621,김민지,44,87.9
1622,박민수,63,96.1
1623,이영희,41,78.7
1624,박민수,25,89.1
1625,김민지,42,60.4
1626,정수연,59,67.8
1627,김철수,38,97.3
1628,김민지,62,69.8
1629,김민지,54,98.3
1630,김철수,28,61.0
1631,최지훈,44,88.7
1632,김철수,22,89.4
1633,이준호,19,88.0
1634,박민수,23,92.1
1635,이준호,38,51.2
1636,홍길동,51,82.8
1637,박민수,28,55.6
1638,최지훈,56,59.4
1639,이준호,44,90.4
1640,홍길동,44,72.7
1641,정수연,37,66.9
1642,김철수,28,75.2
1643,박민수,46,58.4
1644,김민지,37,62.9
1645,이영희,42,68.0
1646,정수연,38,77.2
1647,최지훈,19,92.9
1648,이준호,31,79.3
1649,이준호,63,84.4
1650,정수연,49,68.6
1651,이준호,37,64.3
1652,김철수,21,62.3
1653,최지훈,18,98.0
1654,정수연,24,66.6
1655,박민수,66,68.3
1656,홍길동,26,65.8
1657,정수연,56,97.7
1658,이준호,23,85.3
1659,이준호,19,95.9
1660,박민수,36,56.7
1661,박민수,42,81.2
1662,김철수,56,54.5
1663,박민수,32,80.6
1664,최지훈,35,92.1
1665,홍길동,41,70.0
1666,홍길동,27,58.7
1667,정수연,41,58.1
1668,김철수,54,83.7
1669,이준호,46,95.3
1670,김민지,39,61.5
1671,김민지,21,72.4
1672,이영희,53,60.5
1673,홍길동,47,58.3
1674,이영희,52,59.2
1675,이준호,65,98.6
1676,김민지,65,58.4
1677,최지훈,42,76.4
1678,김철수,42,99.5
1679,박민수,40,51.3
1680,이영희,42,96.3
1681,김철수,42,84.8
1682,김철수,54,93.4
1683,김민지,56,68.4
1684,최지훈,47,72.5
1685,최지훈,35,64.8
1686,이준호,49,79.9
1687,최지훈,39,56.6
1688,정수연,18,80.9
1689,최지훈,18,54.3
1690,박민수,48,54.3
1691,정수연,59,68.4
1692,이영희,34,66.0
1693,박민수,27,66.2
1694,최지훈,64,59.1
1695,이준호,34,85.2
1696,김철수,67,76.1
1697,김민지,44,85.9
1698,정수연,26,95.4
1699,최지훈,65,72.9
1700,최지훈,62,78.5
1701,홍길동,51,99.7
1702,김민지,19,89.9
1703,박민수,36,58.7
1704,정수연,34,98.3
1705,이영희,18,50.7
1706,김민지,28,87.2
1707,김민지,58,97.9
1708,최지훈,66,79.4
1709,정수연,59,81.3
1710,이영희,41,57.2
1711,박민수,63,66.5
1712,정수연,39,74.3
1713,이준호,27,75.4
1714,김민지,33,59.7
1715,정수연,45,68.8
1716,정수연,56,97.6
1717,박민수,64,50.8
1718,정수연,31,74.8
1719,박민수,45,87.2
1720,박민수,50,58.3
1721,홍길동,56,58.1
1722,김민지,40,80.7
1723,박민수,52,50.6
1724,최지훈,58,98.1
1725,최지훈,63,60.3
1726,이영희,28,52.9
1727,이영희,64,90.7
1728,최지훈,35,63.0
1729,이영희,29,52.1
1730,정수연,31,77.8
1731,최지훈,35,53.9
1732,김민지,59,82.6
1733,김민지,61,76.7
1734,이준호,39,71.0
1735,이영희,18,63.9
1736,최지훈,49,94.7
1737,이영희,51,62.3
1738,김민지,22,80.5
1739,이준호,48,56.6
1740,김철수,65,68.9
1741,김민지,40,61.9
1742,박민수,62,90.8
1743,최지훈,30,71.4
1744,김민지,63,62.9
1745,홍길동,47,64.4
1746,홍길동,62,58.7
1747,박민수,41,94.2
1748,김철수,25,82.2
1749,홍길동,22,97.6
1750,홍길동,39,67.8
1751,최지훈,34,79.7
1752,홍길동,45,89.7
1753,최지훈,28,59.7
1754,최지훈,18,74.2
1755,홍길동,62,69.9
1756,이영희,30,81.4
1757,최지훈,56,77.3
1758,이준호,67,50.9
1759,박민수,42,88.1
1760,이준호,26,88.9
1761,이준호,24,89.2
1762,홍길동,37,91.0
1763,정수연,60,56.1
1764,최지훈,29,82.0
1765,이준호,65,99.4
1766,김철수,43,96.6
1767,홍길동,37,66.9
1768,이준호,29,94.3
1769,김철수,49,72.5
1770,이준호,54,67.1
1771,홍길동,60,84.1
1772,이준호,62,56.1
1773,김철수,64,91.0
1774,정수연,66,95.5
1775,최지훈,43,52.9
1776,박민수,34,65.9
1777,이영희,66,90.0
1778,홍길동,39,80.8
1779,홍길동,44,88.0
1780,김민지,20,54.5
1781,홍길동,55,80.6
1782,최지훈,32,56.1
1783,이영희,31,78.7
1784,박민수,50,58.3
1785,이준호,24,60.6
1786,김민지,25,74.6
1787,김철수,51,67.0
1788,정수연,54,94.6
1789,이영희,21,88.4
1790,이준호,61,72.5
1791,박민수,39,85.8
1792,김민지,50,94.2
1793,이영희,39,61.3
1794,홍길동,21,89.3
1795,정수연,18,61.9
1796,김민지,32,71.5
1797,이영희,18,63.0
1798,김철수,34,70.5
1799,홍길동,67,89.0
1800,정수연,42,54.7
1801,김철수,47,96.9
1802,박민수,56,64.7
1803,정수연,41,90.6
1804,이준호,30,90.9
1805,정수연,28,65.3
1806,박민수,29,69.3
1807,이준호,62,92.1
1808,박민수,19,55.1
1809,이영희,38,50.1
1810,정수연,18,58.3
1811,홍길동,49,78.0
1812,박민수,60,57.9
1813,정수연,61,70.4
1814,박민수,64,91.4
1815,최지훈,58,90.4
1816,이영희,21,51.3
1817,정수연,46,52.1
1818,홍길동,32,53.2
1819,박민수,38,68.2
1820,정수연,41,63.5
1821,최지훈,64,91.2
1822,김철수,38,62.2
1823,정수연,61,68.5
1824,김철수,62,89.8
1825,정수연,20,57.0
1826,홍길동,26,68.4
1827,김철수,36,57.8
1828,김철수,47,90.5
1829,이영희,28,73.2
1830,홍길동,36,93.7
1831,홍길동,37,83.5
1832,박민수,38,99.5
1833,이준호,19,54.7
1834,최지훈,41,59.0
1835,김철수,57,95.9
1836,홍길동,28,51.3
1837,이영희,29,62.7
1838,정수연,57,61.2
1839,정수연,35,80.6
1840,이영희,26,93.3
1841,정수연,52,88.6
1842,김민지,40,67.8
1843,이영희,35,50.6
1844,최지훈,63,87.9
1845,홍길동,37,81.4
1846,최지훈,34,91.6
1847,박민수,53,59.9
1848,정수연,20,99.7
1849,정수연,31,61.7
1850,김철수,31,73.0
1851,김철수,22,81.9
1852,김철수,52,77.2
1853,이준호,47,62.8
1854,이영희,29,82.4
1855,이준호,18,73.7
1856,최지훈,52,95.3
1857,이준호,20,57.2
1858,최지훈,45,69.2
1859,최지훈,27,80.1
1860,박민수,42,51.0
1861,홍길동,23,68.0
1862,이준호,18,88.6
1863,김민지,47,86.5
1864,홍길동,39,96.4
1865,김민지,26,88.8
1866,박민수,51,66.8
1867,김철수,41,80.3
1868,김민지,57,80.8
1869,최지훈,39,84.5
1870,박민수,34,93.0
1871,김민지,40,77.5
1872,이준호,67,66.3
1873,이준호,31,93.5
1874,박민수,22,79.6
1875,이영희,59,80.8
1876,박민수,29,99.7
1877,이영희,43,86.6
1878,김민지,37,93.0
1879,홍길동,22,97.6
1880,김민지,35,57.6
1881,이준호,64,58.6
1882,이준호,63,91.9
1883,이준호,62,92.3
1884,김철수,22,93.1
1885,이영희,37,87.2
1886,최지훈,49,66.4
1887,김민지,67,97.1
1888,이준호,61,89.0
1889,홍길동,39,98.2
1890,김민지,40,86.8
1891,이준호,27,94.9
1892,이준호,59,92.8
1893,김철수,65,86.6
1894,김민지,50,58.7
1895,이준호,42,59.3
1896,정수연,51,68.3
1897,홍길동,53,75.8
1898,박민수,58,79.4
1899,이영희,36,80.8
1900,김철수,47,91.8
1901,홍길동,20,60.5
1902,이영희,28,85.6
1903,박민수,39,86.5
1904,김철수,60,58.5
1905,정수연,65,74.6
1906,이준호,18,95.6
1907,김민지,63,63.7
1908,김철수,49,77.7
1909,정수연,50,87.5
1910,홍길동,52,57.1
1911,이영희,28,58.5
1912,김민지,57,55.2
1913,김철수,34,86.0
1914,정수연,36,89.6
1915,정수연,49,65.6
1916,홍길동,55,53.2
1917,이준호,22,89.7
1918,김철수,54,60.2
1919,이영희,29,73.0
1920,이영희,30,97.4
1921,홍길동,25,80.2
1922,박민수,41,96.2
1923,홍길동,57,51.1
1924,김민지,42,56.3
1925,이준호,44,64.7
1926,김철수,18,90.6
1927,정수연,42,93.4
1928,박민수,39,63.0
1929,김민지,58,71.2
1930,최지훈,54,67.6
1931,김철수,22,98.2
1932,정수연,54,82.6
1933,최지훈,66,98.9
1934,정수연,56,81.2
1935,정수연,54,95.6
1936,홍길동,19,75.1
1937,김민지,64,58.5
1938,김철수,21,98.6
1939,정수연,54,68.0
1940,박민수,47,93.6
1941,박민수,43,99.0
1942,이영희,27,92.6
1943,홍길동,60,78.2
1944,홍길동,28,79.5
1945,이영희,34,59.9
1946,이준호,58,80.9
1947,정수연,65,83.1
1948,김철수,22,66.9
1949,김민지,45,52.6
1950,이영희,37,85.3
1951,김철수,54,82.4
1952,김민지,39,80.7
1953,김민지,21,52.1
1954,홍길동,62,55.3
1955,박민수,40,66.7
1956,이준호,53,93.8
1957,정수연,36,50.4
1958,김철수,61,83.1
1959,김민지,39,96.6
1960,박민수,48,83.3
1961,박민수,63,68.3
1962,이준호,50,90.9
1963,김민지,33,80.2
1964,김민지,22,61.1
1965,이준호,66,77.6
1966,최지훈,28,64.3
1967,김철수,58,84.5
1968,이준호,54,53.3
1969,김민지,65,58.4
1970,이영희,55,50.1
1971,이준호,58,59.9
1972,최지훈,48,62.7
1973,홍길동,49,66.2
1974,김민지,58,98.1
1975,이준호,45,59.7
1976,김철수,27,60.6
1977,이준호,18,73.5
1978,이영희,53,72.4
1979,이준호,50,94.1
1980,박민수,41,89.0
1981,최지훈,64,94.1
1982,최지훈,33,68.3
1983,김철수,40,72.2
1984,정수연,37,92.7
1985,김철수,64,63.2
1986,박민수,41,65.0
1987,홍길동,36,62.5
1988,이준호,44,64.7
1989,김철수,65,58.7
1990,김철수,56,90.8
1991,김민지,26,51.0
1992,김철수,48,51.9
1993,박민수,48,58.9
1994,이준호,54,62.4
1995,홍길동,23,60.7
1996,이준호,53,74.2
1997,최지훈,55,64.9
1998,김철수,41,55.8
1999,김철수,34,71.0
2000,이준호,67,75.2
2001,박민수,64,97.8
2002,김철수,49,76.8
2003,이영희,47,69.3
2004,이준호,25,54.6
2005,김민지,48,96.1
2006,김민지,21,97.5
2007,홍길동,31,66.4
2008,김민지,26,70.7
2009,최지훈,57,51.3
2010,박민수,25,62.7
2011,정수연,55,96.6
2012,이준호,30,76.8
2013,정수연,45,62.1
2014,이영희,66,56.8
2015,정수연,51,89.1
2016,김민지,22,97.6
2017,김철수,43,56.4
2018,이영희,53,62.8
2019,김민지,32,57.6
2020,이준호,21,85.7
2021,정수연,53,68.8
2022,이준호,52,58.7
2023,이준호,51,68.1
2024,박민수,27,87.5
2025,김민지,62,57.4
2026,김민지,43,52.8
2027,정수연,25,85.3
2028,김철수,67,60.7
2029,김철수,47,98.2
2030,이영희,43,78.9
2031,김철수,36,61.0
2032,이준호,64,53.1
2033,이영희,26,77.1
2034,정수연,66,91.8
2035,최지훈,54,50.4
2036,이영희,35,69.5
2037,최지훈,45,72.4
2038,김민지,54,78.1
2039,이준호,35,84.6
2040,홍길동,44,91.5
2041,최지훈,66,62.3
2042,김철수,25,61.6
2043,홍길동,33,85.7
2044,김철수,21,97.6
2045,정수연,27,66.8
2046,이영희,19,75.0
2047,정수연,60,68.4
2048,홍길동,62,78.1
2049,이영희,44,63.4
2050,이준호,58,64.2
2051,홍길동,50,81.8
2052,박민수,38,97.9
2053,정수연,47,67.1
2054,김철수,24,90.5
2055,정수연,24,67.0
2056,정수연,20,78.0
2057,홍길동,57,91.8
2058,김민지,30,77.4
2059,박민수,60,94.3
2060,김철수,27,90.2
2061,김철수,38,84.5
2062,박민수,31,52.8
2063,김민지,35,59.6
2064,최지훈,61,71.6
2065,김민지,67,87.6
2066,홍길동,23,57.1
2067,최지훈,38,51.5
2068,김철수,24,63.5
2069,김철수,61,51.1
2070,이준호,29,65.6
2071,홍길동,40,80.8
2072,김철수,60,61.4
2073,최지훈,27,87.1
2074,홍길동,33,96.2
2075,김철수,30,96.6
2076,이준호,55,86.8
2077,정수연,60,73.9
2078,정수연,32,99.7
2079,최지훈,49,71.9
2080,김민지,33,70.5
2081,이준호,64,98.2
2082,홍길동,28,80.5
2083,김민지,53,79.7
2084,김민지,55,51.0
2085,이준호,48,75.7
2086,김철수,27,88.9
2087,박민수,47,54.9
2088,김철수,67,55.8
2089,이영희,25,90.2
2090,정수연,44,90.3
2091,이영희,62,55.5
2092,이영희,53,93.0
2093,박민수,41,68.8
2094,김철수,59,87.5
2095,홍길동,63,58.1
2096,홍길동,52,66.8
2097,박민수,53,99.9
2098,김민지,64,58.5
2099,이영희,60,94.9
2100,김철수,57,93.2
2101,이영희,33,56.6
2102,이준호,45,98.4
2103,최지훈,37,84.1
2104,홍길동,31,58.9
2105,김민지,66,94.8
2106,김민지,18,96.3
2107,홍길동,56,55.6
2108,이영희,53,62.2
2109,김철수,46,82.1
2110,홍길동,57,51.7
2111,김민지,18,68.8
2112,김민지,55,96.0
2113,김민지,67,97.0
2114,이영희,53,52.3
2115,이준호,22,79.9
2116,박민수,55,73.3
2117,정수연,37,67.5
2118,최지훈,51,65.7
2119,김민지,19,53.5
2120,김철수,33,87.0
2121,김민지,37,75.5
2122,홍길동,51,55.9
2123,이준호,37,71.8
2124,박민수,36,62.9
2125,홍길동,66,56.8
2126,정수연,21,60.8
2127,정수연,50,54.5
2128,박민수,32,80.3
2129,박민수,59,62.7
2130,홍길동,61,65.5
2131,김철수,34,84.0
2132,박민수,19,96.4
2133,김철수,25,91.8
2134,김철수,22,70.9
2135,이준호,38,76.7
2136,김철수,66,54.6
2137,김철수,31,95.4
2138,김민지,37,82.1
2139,이준호,20,78.3
2140,이영희,53,99.5
2141,홍길동,21,74.5
2142,김철수,34,82.7
2143,이준호,30,71.4
2144,이영희,40,79.9
2145,김철수,57,72.2
2146,김철수,22,50.7
2147,이영희,54,55.4
2148,이영희,43,59.2
2149,김민지,29,75.2
2150,최지훈,25,56.0
2151,박민수,57,92.0
2152,김철수,45,57.8
2153,김철수,58,94.0
2154,김철수,42,89.9
2155,김철수,60,62.9
2156,김민지,67,92.8
2157,김민지,65,96.7
2158,김민지,66,60.9
2159,이준호,57,98.1
2160,정수연,19,51.3
2161,박민수,56,97.1
2162,이영희,29,97.1
2163,홍길동,36,56.7
2164,김민지,37,87.6
2165,이준호,57,54.9
2166,정수연,21,86.9
2167,김철수,33,70.2
2168,정수연,49,54.8
2169,홍길동,27,88.8
2170,정수연,56,50.8
2171,정수연,50,55.1
2172,홍길동,66,96.5
2173,박민수,28,59.6
2174,정수연,66,97.2
2175,홍길동,61,60.7
2176,최지훈,60,92.0
2177,박민수,59,66.1
2178,정수연,53,63.2
2179,김철수,55,79.9
2180,정수연,40,96.2
2181,정수연,36,69.6
2182,홍길동,63,83.8
2183,이준호,24,81.9
2184,김민지,47,52.2
2185,홍길동,53,95.6
2186,이영희,44,61.5
2187,이준호,54,92.4
2188,홍길동,56,80.7
2189,최지훈,49,67.1
2190,최지훈,26,77.8
2191,이준호,20,60.2
2192,최지훈,67,84.6
2193,정수연,51,89.8
2194,홍길동,33,79.1
2195,홍길동,34,99.2
2196,김철수,27,69.4
2197,이영희,45,96.6
2198,이영희,60,63.1
2199,김철수,28,53.4
2200,이영희,43,57.3
2201,박민수,21,93.9
2202,최지훈,51,58.7
2203,김민지,39,86.9
2204,최지훈,34,99.8
2205,이준호,59,84.8
2206,김민지,26,84.5
2207,박민수,18,86.8
2208,홍길동,67,70.5
2209,이영희,26,50.3
2210,김철수,63,72.6
2211,이영희,61,82.7
2212,이영희,67,87.3
2213,홍길동,60,58.2
2214,박민수,21,99.0
2215,정수연,28,89.0
2216,김철수,48,58.2
2217,김민지,42,94.3
2218,홍길동,64,53.9
2219,김민지,32,90.9
2220,박민수,57,74.4
2221,홍길동,46,66.5
2222,홍길동,59,55.3
2223,정수연,66,88.8
2224,이영희,54,50.0
2225,김민지,21,67.5
2226,최지훈,19,70.8
2227,이준호,48,97.5
2228,박민수,62,50.4
2229,김철수,56,87.4
2230,박민수,27,50.6
2231,김철수,46,86.1
2232,이준호,39,82.4
2233,김민지,33,63.3
2234,김철수,40,93.7
2235,최지훈,62,56.2
2236,이준호,20,80.3
2237,이준호,37,69.6
2238,김민지,38,85.9
2239,정수연,44,95.6
2240,이준호,34,85.1
2241,이영희,37,59.0
2242,김철수,43,72.7
2243,이준호,19,79.0
2244,홍길동,61,84.6
2245,홍길동,22,74.9
2246,최지훈,60,89.1
2247,최지훈,42,76.8
2248,이준호,66,80.4
2249,이준호,31,89.7
2250,김철수,64,66.0
2251,이영희,38,87.0
2252,정수연,64,54.0
2253,홍길동,39,67.5
2254,김민지,28,90.2
2255,홍길동,67,70.2
2256,이준호,62,85.5
2257,박민수,55,60.7
2258,홍길동,48,84.6
2259,박민수,19,95.4
2260,홍길동,39,70.9
2261,정수연,47,84.8
2262,이준호,58,71.3
2263,정수연,40,87.6
2264,정수연,55,58.4
2265,박민수,26,86.7
2266,홍길동,52,88.5
2267,홍길동,67,88.3
2268,정수연,51,72.5
2269,정수연,40,86.3
2270,홍길동,36,74.2
2271,이준호,25,81.8
2272,박민수,55,71.0
2273,홍길동,20,59.9
2274,김철수,45,58.2
2275,박민수,46,51.5
2276,김철수,25,85.2
2277,이준호,38,89.9
2278,정수연,46,86.4
2279,이영희,21,58.8
2280,이준호,48,90.9
2281,박민수,58,53.2
2282,이준호,61,70.1
2283,이준호,42,99.9
2284,이준호,52,95.2
2285,김민지,40,87.7
2286,이영희,58,72.6
2287,박민수,56,58.2
2288,홍길동,48,79.7
2289,이영희,41,80.8
2290,이영희,20,95.3
2291,이준호,40,58.8
2292,홍길동,31,70.6
2293,정수연,30,93.0
2294,최지훈,39,83.2
2295,정수연,55,63.5
2296,최지훈,28,72.8
2297,최지훈,43,80.6
2298,최지훈,52,69.2
2299,김철수,46,94.4
2300,홍길동,21,73.1
2301,이준호,47,87.3
2302,이준호,54,70.7
2303,김철수,54,76.1
2304,이영희,39,61.3
2305,이준호,46,57.7
2306,이준호,61,98.7
2307,김철수,42,58.0
2308,이준호,18,83.1
2309,홍길동,51,53.0
2310,이영희,52,69.4
2311,김철수,64,96.7
2312,박민수,64,81.3
2313,김철수,38,84.2
2314,정수연,50,59.3
2315,이준호,67,91.2
2316,박민수,44,95.9
2317,최지훈,44,74.8
2318,김민지,52,98.9
2319,이영희,56,79.5
2320,이준호,39,84.5
2321,최지훈,38,84.8
2322,김민지,60,86.0
2323,정수연,63,56.3
2324,이준호,63,94.6
2325,이영희,42,78.6
2326,이준호,30,97.5
2327,김철수,50,89.8
2328,김철수,36,92.0
2329,홍길동,61,56.7
2330,김민지,24,57.3
2331,홍길동,31,90.7
2332,최지훈,57,60.7
2333,이영희,46,56.7
2334,박민수,24,74.5
2335,정수연,41,63.8
2336,박민수,21,93.3
2337,홍길동,61,54.0
2338,김민지,45,93.3
2339,이준호,30,91.7
2340,김철수,51,51.4
2341,김철수,32,85.8
2342,이영희,28,87.7
2343,김철수,18,55.1
2344,김민지,37,75.0
2345,이준호,41,77.5
2346,정수연,54,82.5
2347,이영희,30,76.8
2348,이준호,38,87.7
2349,정수연,19,99.6
2350,홍길동,55,57.9
2351,이영희,67,66.8
2352,정수연,49,67.7
2353,정수연,59,68.1
2354,박민수,24,98.1
2355,김민지,50,85.6
2356,이영희,22,66.1
2357,김민지,49,76.5
2358,이영희,59,74.6
2359,정수연,50,57.1
2360,이준호,45,78.2
2361,이준호,60,70.6
2362,김민지,61,95.5
2363,박민수,19,88.6
2364,정수연,26,81.4
2365,김철수,23,77.1
2366,김민지,48,83.3
2367,이준호,20,57.0
2368,정수연,57,70.6
2369,김민지,20,57.7
2370,최지훈,64,96.1
2371,이준호,19,63.2
2372,김철수,51,70.7
2373,정수연,41,56.2
2374,김민지,22,77.5
2375,이준호,43,63.9
2376,이영희,34,100.0
2377,김민지,49,54.8
2378,홍길동,38,67.3
2379,이준호,60,95.2
2380,홍길동,21,80.9
2381,이준호,32,59.2
2382,이준호,48,54.5
2383,김철수,28,66.9
2384,이준호,65,72.5
2385,김철수,19,85.8
2386,정수연,64,70.1
2387,김철수,56,69.0
2388,박민수,22,67.3
2389,최지훈,42,80.1
2390,최지훈,56,55.4
2391,홍길동,27,67.7
2392,홍길동,50,75.4
2393,최지훈,51,75.9
2394,정수연,65,85.2
2395,김민지,20,99.5
2396,박민수,35,87.4
2397,김철수,51,77.9
2398,이영희,33,75.3
2399,최지훈,62,90.0
2400,이영희,58,60.3
2401,최지훈,36,60.7
2402,홍길동,20,92.0
2403,이준호,57,86.7
2404,홍길동,20,85.6
2405,홍길동,26,54.6
2406,김철수,26,58.0
2407,이영희,24,65.1
2408,김철수,57,89.9
2409,김민지,27,95.1
2410,박민수,18,56.0
2411,이준호,33,54.1
2412,이영희,27,86.8
2413,홍길동,58,59.4
2414,이영희,33,73.7
2415,홍길동,21,99.8
2416,홍길동,34,90.2
2417,김민지,39,68.3
2418,박민수,52,82.4
2419,이영희,30,84.8
2420,홍길동,30,84.6
2421,정수연,21,85.2
2422,최지훈,34,98.6
2423,정수연,26,65.7
2424,김철수,27,51.2
2425,김철수,29,95.7
2426,정수연,47,95.0
2427,김철수,61,64.2
2428,박민수,46,78.3
2429,김철수,38,72.8
2430,박민수,62,72.9
2431,박민수,26,65.3
2432,이영희,58,53.1
2433,이준호,37,62.1
2434,정수연,26,77.9
2435,이준호,25,76.4
2436,홍길동,21,100.0
2437,정수연,64,60.8
2438,이영희,38,98.0
2439,이영희,39,75.5
2440,김철수,56,62.4
2441,이준호,38,64.7
2442,이영희,62,76.1
2443,김민지,35,82.6
2444,최지훈,36,84.3
2445,이준호,31,99.8
2446,정수연,27,76.0
2447,홍길동,25,51.9
2448,이준호,50,72.6
2449,박민수,55,61.6
2450,김민지,23,79.6
2451,홍길동,67,64.3
2452,정수연,33,66.3
2453,최지훈,21,88.7
2454,최지훈,58,79.1
2455,이영희,42,55.2
2456,최지훈,62,84.6
2457,박민수,61,66.4
2458,정수연,28,57.1
2459,이준호,53,65.1
2460,박민수,40,98.5
2461,김민지,30,59.4
2462,정수연,67,58.2
2463,김민지,46,99.9
2464,정수연,24,76.5
2465,정수연,44,88.8
2466,김민지,65,85.5
2467,김민지,23,68.8
2468,이영희,44,70.3
2469,최지훈,32,88.7
2470,최지훈,33,70.5
2471,정수연,35,95.5
2472,박민수,50,83.8
2473,김민지,29,94.7
2474,이준호,67,92.2
2475,김철수,52,75.7
2476,김철수,37,63.2
2477,박민수,18,67.0
2478,김철수,47,95.2
2479,정수연,65,67.2
2480,최지훈,66,67.6
2481,정수연,18,76.2
2482,이준호,49,97.4
2483,홍길동,48,82.6
2484,김민지,52,79.2
2485,김민지,48,61.2
2486,이영희,27,64.8
2487,홍길동,52,83.8
2488,박민수,64,64.8
2489,김철수,22,60.6
2490,정수연,27,52.2
2491,박민수,45,57.7
2492,이준호,42,80.8
2493,박민수,26,53.5
2494,박민수,62,73.6
2495,김민지,31,62.1
2496,이영희,40,85.9
2497,홍길동,67,60.6
2498,김민지,45,93.0
2499,이영희,18,85.5
2500,이준호,27,93.4
2501,이준호,30,79.9
2502,김철수,22,83.3
2503,이준호,36,86.3
2504,최지훈,32,75.7
2505,홍길동,58,50.0
2506,김민지,31,71.5
2507,김민지,24,83.6
2508,정수연,24,86.9
2509,김철수,34,62.7
2510,김철수,55,92.8
2511,김민지,63,81.3
2512,이준호,47,65.2
2513,김철수,22,99.8
2514,정수연,57,58.0
2515,이영희,66,59.4
2516,최지훈,18,72.3
2517,홍길동,55,87.6
2518,김철수,21,78.3
2519,홍길동,30,51.8
2520,이준호,48,93.2
2521,최지훈,62,57.1
2522,김철수,42,94.5
2523,이준호,19,57.2
2524,최지훈,57,83.0
2525,김철수,35,84.4
2526,김철수,36,71.1
2527,김민지,35,93.6
2528,김민지,35,78.2
2529,이영희,57,83.2
2530,김민지,56,84.5
2531,박민수,28,85.5
2532,이준호,60,80.2
2533,이준호,64,78.9
2534,김철수,59,78.1
2535,김철수,60,96.2
2536,김철수,29,53.4
2537,최지훈,65,87.5
2538,정수연,44,55.5
2539,이영희,21,57.9
2540,김민지,35,94.7
2541,이영희,30,98.9
2542,최지훈,44,60.4
2543,박민수,55,73.6
2544,박민수,29,93.2
2545,김민지,42,95.2
2546,이준호,60,57.3
2547,이준호,40,70.0
2548,이영희,42,50.9
2549,이영희,55,56.0
2550,홍길동,38,80.4
2551,김철수,38,71.8
2552,김민지,61,53.1
2553,김민지,27,84.1
2554,이영희,23,71.6
2555,이영희,63,74.1
2556,이영희,49,72.6
2557,이영희,40,74.4
2558,박민수,52,94.0
2559,이영희,44,95.7
2560,이준호,32,62.4
2561,김민지,40,80.9
2562,김민지,63,89.8
2563,김민지,30,90.8
2564,홍길동,67,57.9
2565,김민지,57,55.0
2566,최지훈,25,52.5
2567,이영희,42,58.6
2568,이준호,33,79.9
2569,최지훈,61,61.6
2570,김민지,65,88.5
2571,이영희,49,82.6
2572,이준호,35,67.7
2573,박민수,51,63.8
2574,박민수,18,64.5
2575,홍길동,38,81.5
2576,이영희,29,69.5
2577,이영희,30,76.4
2578,박민수,28,89.8
2579,김민지,38,87.2
2580,김민지,45,78.8
2581,김민지,42,92.3
2582,최지훈,40,89.4
2583,이영희,23,56.6
2584,최지훈,18,84.2
2585,김민지,49,91.2
2586,김철수,56,56.9
2587,최지훈,22,82.7
2588,이준호,55,81.7
2589,김민지,64,89.1
2590,김철수,58,51.5
2591,이준호,66,76.5
2592,홍길동,67,52.5
2593,이영희,28,59.1
2594,정수연,26,76.4
2595,최지훈,51,76.9
2596,김철수,58,94.9
2597,이준호,58,75.6
2598,박민수,56,55.1
2599,김민지,32,78.9
2600,이준호,18,91.8
2601,이준호,31,61.4
2602,최지훈,65,90.2
2603,정수연,60,99.7
2604,최지훈,36,78.6
2605,이영희,63,56.6
2606,정수연,25,76.3
2607,김철수,24,87.8
2608,김민지,36,83.8
2609,이준호,61,69.4
2610,박민수,26,57.1
2611,홍길동,55,53.4
2612,정수연,57,98.6
2613,박민수,54,55.4
2614,홍길동,60,79.6
2615,박민수,30,94.4
2616,정수연,37,62.5
2617,이준호,40,76.3
2618,최지훈,32,64.4
2619,이영희,59,64.1
2620,이영희,52,65.9
2621,이준호,22,98.0
2622,박민수,51,93.3
2623,이준호,59,50.8
2624,최지훈,63,77.0
2625,박민수,40,87.4
2626,박민수,31,53.8
2627,이준호,47,84.0
2628,최지훈,54,77.8
2629,김철수,37,66.0
2630,정수연,46,93.1
2631,홍길동,20,76.8
2632,정수연,54,51.2
2633,이영희,62,81.1
2634,이준호,20,67.5
2635,박민수,42,56.5
2636,박민수,64,99.3
2637,김철수,63,87.7
2638,김민지,28,69.2
2639,박민수,47,66.7
2640,김철수,67,98.5
2641,박민수,37,72.1
2642,박민수,26,81.9
2643,이준호,25,62.3
2644,정수연,36,57.4
2645,정수연,43,60.4
2646,박민수,19,72.1
2647,정수연,46,79.2
2648,이준호,19,85.5
2649,최지훈,23,96.3
2650,이영희,50,63.6
2651,박민수,63,73.6
2652,이영희,56,71.0
2653,최지훈,63,59.7
2654,정수연,21,77.5
2655,홍길동,34,60.0
2656,이준호,41,88.4
2657,김철수,39,80.2
2658,박민수,51,52.3
2659,홍길동,62,54.5
2660,박민수,33,59.8
2661,박민수,23,87.8
2662,김철수,31,92.5
2663,김철수,42,76.0
2664,정수연,67,90.5
2665,김철수,38,87.7
2666,박민수,67,71.9
2667,이영희,25,68.9
2668,이영희,55,63.2
2669,홍길동,54,85.0
2670,이영희,30,53.5
2671,홍길동,41,87.8
2672,김철수,50,90.0
2673,이영희,55,59.2
2674,정수연,47,63.2
2675,홍길동,58,72.3
2676,이준호,43,58.5
2677,김민지,48,85.6
2678,정수연,40,73.8
2679,김민지,28,63.8
2680,홍길동,32,51.7
2681,김민지,27,82.7
2682,김철수,35,74.0
2683,김철수,61,79.1
2684,김민지,50,90.9
2685,이영희,27,54.3
2686,박민수,63,66.5
2687,박민수,18,78.0
2688,박민수,49,90.7
2689,이준호,63,63.0
2690,최지훈,21,50.8
2691,김민지,24,92.0
2692,김민지,60,76.3
2693,이영희,33,63.2
2694,김민지,30,92.7
2695,최지훈,44,62.4
2696,이영희,61,72.7
2697,김철수,33,54.0
2698,정수연,67,81.4
2699,최지훈,39,76.6
2700,최지훈,45,85.8
2701,홍길동,25,62.7
2702,이준호,64,74.1
2703,이준호,36,88.6
2704,이영희,36,72.0
2705,김민지,33,92.3
2706,이준호,42,83.2
2707,이준호,54,60.7
2708,박민수,59,65.1
2709,정수연,32,93.8
2710,박민수,58,58.3
2711,홍길동,57,97.2
2712,최지훈,60,67.3
2713,김철수,51,89.1
2714,김철수,34,83.6
2715,박민수,56,90.0
2716,김민지,27,60.7
2717,이준호,49,83.3
2718,최지훈,46,51.7
2719,김철수,45,85.7
2720,이영희,67,65.5
2721,김철수,51,67.2
2722,이준호,63,79.3
2723,이준호,24,60.9
2724,정수연,22,68.6
2725,김철수,57,55.6
2726,이준호,33,64.1
2727,홍길동,64,50.4
2728,김민지,46,92.5
2729,박민수,20,65.4
2730,정수연,34,87.9
2731,이준호,30,50.3
2732,김철수,20,72.9
2733,최지훈,62,64.9
2734,정수연,46,91.6
2735,홍길동,39,83.0
2736,박민수,65,91.7
2737,정수연,45,78.0
2738,이준호,46,82.7
2739,최지훈,41,95.0
2740,박민수,38,71.5
2741,이영희,50,69.5
2742,김민지,47,78.8
2743,이영희,63,92.1
2744,이영희,23,83.1
2745,홍길동,63,75.1
2746,이준호,23,65.7
2747,정수연,45,51.4
2748,이준호,57,64.3
2749,이영희,52,84.3
2750,이영희,54,84.0
2751,박민수,62,61.9
2752,김철수,51,53.4
2753,김철수,67,63.2
2754,정수연,49,97.2
2755,최지훈,51,71.7
2756,김민지,41,50.2
2757,이영희,49,83.5
2758,김철수,49,59.4
2759,정수연,55,74.4
2760,최지훈,35,59.9
2761,이영희,55,67.2
2762,박민수,57,92.7
2763,최지훈,42,54.4
2764,최지훈,38,95.6
2765,이영희,64,53.4
2766,박민수,58,65.7
2767,박민수,18,98.5
2768,이영희,27,84.2
2769,박민수,34,69.2
2770,김철수,57,83.4
2771,홍길동,52,76.0
2772,이준호,44,63.0
2773,박민수,21,97.3
2774,김철수,28,70.7
2775,최지훈,60,72.7
2776,홍길동,35,75.2
2777,최지훈,38,69.1
2778,홍길동,44,74.6
2779,박민수,63,72.2
2780,이준호,62,90.8
2781,최지훈,37,53.6
2782,이준호,33,84.9
2783,홍길동,58,97.9
2784,김철수,66,74.4
2785,박민수,46,64.2
2786,이준호,46,72.9
2787,이준호,67,63.7
2788,김민지,18,91.0
2789,박민수,66,69.4
2790,최지훈,67,87.6
2791,김민지,62,51.6
2792,홍길동,22,58.4
2793,김민지,49,84.4
2794,정수연,67,89.3
2795,김민지,33,55.4
2796,최지훈,38,95.2
2797,홍길동,48,70.0
2798,최지훈,34,98.7
2799,김철수,44,77.2
2800,박민수,49,81.4
2801,최지훈,34,55.4
2802,홍길동,64,58.2
2803,김민지,30,54.4
2804,이영희,49,78.5
2805,이준호,25,94.3
2806,이영희,43,63.8
2807,박민수,31,90.3
2808,이준호,47,80.7
2809,이영희,31,73.1
2810,김민지,41,81.5
2811,박민수,21,93.4
2812,최지훈,47,58.7
2813,박민수,20,81.2
2814,정수연,53,94.4
2815,이영희,51,87.2
2816,이준호,52,79.6
2817,이영희,63,69.1
2818,홍길동,46,82.3
2819,정수연,42,73.0
2820,홍길동,53,54.4
2821,정수연,49,67.1
2822,홍길동,22,65.9
2823,정수연,28,92.8
2824,홍길동,56,84.9
2825,홍길동,22,59.9
2826,이영희,67,82.0
2827,이영희,23,95.7
2828,박민수,31,63.9
2829,이준호,19,66.7
2830,박민수,33,90.8
2831,정수연,40,83.3
2832,박민수,51,84.2
2833,이영희,49,59.1
2834,홍길동,61,70.6
2835,정수연,54,73.9
2836,이영희,53,58.2
2837,최지훈,61,75.4
2838,김민지,57,64.3
2839,김철수,62,74.3
2840,박민수,57,55.2
2841,정수연,46,63.5
2842,정수연,59,56.0
2843,홍길동,18,86.1
2844,홍길동,43,82.0
2845,정수연,55,83.6
2846,이영희,54,85.7
2847,이준호,40,79.5
2848,홍길동,55,73.0
2849,이영희,19,96.8
2850,김민지,63,96.2
2851,김민지,47,85.7
2852,정수연,24,59.4
2853,김민지,42,78.6
2854,김민지,56,59.7
2855,홍길동,31,97.4
2856,정수연,43,64.4
2857,이준호,61,94.0
2858,이준호,54,59.1
2859,김민지,37,53.1
2860,박민수,22,99.7
2861,김민지,31,78.0
2862,최지훈,55,72.3
2863,김철수,34,93.5
2864,정수연,29,79.8
2865,이준호,38,87.1
2866,김철수,52,90.9
2867,이준호,55,54.7
2868,이준호,65,96.6
2869,정수연,27,93.3
2870,박민수,53,90.7
2871,홍길동,64,84.8
2872,최지훈,42,65.8
2873,박민수,56,87.4
2874,최지훈,55,77.0
2875,최지훈,51,94.4
2876,김민지,62,51.0
2877,홍길동,50,71.5
2878,최지훈,22,65.0
2879,박민수,63,96.3
2880,박민수,44,62.2
2881,김민지,37,56.6
2882,이영희,66,78.4
2883,김철수,64,70.2
2884,이준호,21,93.3
2885,이준호,26,81.0
2886,최지훈,20,52.3
2887,박민수,46,60.7
2888,정수연,59,57.1
2889,김철수,36,83.4
2890,이영희,49,65.4
2891,정수연,47,56.5
2892,이영희,44,50.3
2893,최지훈,43,93.6
2894,박민수,50,69.1
2895,김민지,35,52.4
2896,박민수,28,78.3
2897,김민지,42,83.9
2898,김철수,61,86.7
2899,홍길동,36,87.0
2900,박민수,51,57.7
2901,정수연,44,78.8
2902,이영희,65,58.2
2903,홍길동,63,94.8
2904,이준호,46,62.1
2905,김철수,24,56.7
2906,홍길동,41,61.1
2907,김철수,30,77.8
2908,김민지,60,68.9
2909,이준호,36,73.7
2910,홍길동,35,63.9
2911,박민수,47,60.6
2912,김철수,34,89.2
2913,정수연,65,63.3
2914,최지훈,56,66.8
2915,홍길동,47,95.6
2916,홍길동,64,58.0
2917,정수연,18,67.4
2918,김철수,36,85.5
2919,박민수,21,50.4
2920,최지훈,32,54.2
2921,최지훈,32,97.6
2922,박민수,63,81.9
2923,정수연,23,93.6
2924,김민지,41,76.0
2925,김민지,57,74.2
2926,김민지,22,69.8
2927,김민지,64,88.3
2928,이준호,47,89.8
2929,김철수,36,59.7
2930,박민수,44,98.0
2931,이준호,35,61.3
2932,최지훈,19,71.9
2933,최지훈,67,61.1
2934,김철수,66,67.1
2935,김민지,33,82.5
2936,김민지,26,61.4
2937,이영희,22,56.6
2938,정수연,53,62.6
2939,홍길동,58,55.1
2940,이영희,64,84.3
2941,이준호,43,64.2
2942,김철수,42,57.5
2943,김철수,45,98.9
2944,최지훈,61,75.4
2945,김철수,42,67.9
2946,김철수,47,58.2
2947,김철수,50,71.3
2948,박민수,47,81.8
2949,김철수,61,74.2
2950,이영희,55,68.7
2951,이영희,19,84.6
2952,최지훈,27,99.9
2953,정수연,44,59.4
2954,최지훈,53,85.1
2955,이영희,59,78.7
2956,김민지,42,63.6
2957,이준호,53,94.6
2958,최지훈,32,78.4
2959,정수연,57,98.0
2960,박민수,44,78.8
2961,이영희,47,86.2
2962,정수연,47,71.8
2963,정수연,39,86.8
2964,김철수,62,55.5
2965,홍길동,58,71.9
2966,홍길동,24,80.2
2967,이준호,35,78.9
2968,김민지,42,80.3
2969,이영희,67,61.7
2970,박민수,52,76.7
2971,김민지,35,74.5
2972,정수연,67,72.7
2973,김민지,47,80.6
2974,홍길동,26,82.9
2975,정수연,67,60.8
2976,이준호,46,70.8
2977,홍길동,55,54.4
2978,최지훈,61,88.0
2979,김민지,52,94.5
2980,이준호,42,51.8
2981,최지훈,52,65.6
2982,이준호,23,53.4
2983,김철수,31,89.3
2984,김민지,59,94.5
2985,이영희,61,57.9
2986,정수연,48,66.3
2987,정수연,65,56.1
2988,김철수,53,54.7
2989,정수연,42,70.9
2990,정수연,38,86.3
2991,최지훈,44,75.3
2992,이영희,43,56.3
2993,김민지,28,84.7
2994,정수연,35,92.6
2995,이준호,44,86.8
2996,김철수,61,95.2
2997,이준호,44,65.0
2998,김철수,61,96.7
2999,김민지,53,67.1
3000,정수연,59,61.7
3001,이준호,38,75.6
3002,박민수,60,72.0
3003,김철수,29,63.6
3004,최지훈,58,54.6
3005,박민수,40,99.6
3006,이준호,39,62.2
3007,김철수,38,57.1
3008,최지훈,55,59.8
3009,김민지,23,75.8
3010,이준호,48,56.9
3011,이준호,32,72.9
3012,홍길동,31,58.7
3013,김철수,42,54.5
3014,김철수,40,92.5
3015,김민지,62,77.1
3016,홍길동,19,82.7
3017,박민수,19,72.4
3018,이영희,19,62.7
3019,이영희,51,73.7
3020,홍길동,47,51.0
3021,정수연,44,89.9
3022,이준호,57,75.0
3023,이영희,60,72.1
3024,정수연,25,70.7
3025,이준호,29,68.1
3026,김철수,43,75.1
3027,최지훈,51,92.5
3028,김철수,53,64.9
3029,이준호,24,52.7
3030,이영희,35,94.0
3031,박민수,56,75.2
3032,홍길동,63,56.8
3033,이준호,65,76.5
3034,김민지,56,80.6
3035,이영희,58,88.4
3036,김철수,55,93.1
3037,김철수,52,52.3
3038,김철수,67,68.4
3039,홍길동,41,76.7
3040,최지훈,36,53.6
3041,김철수,23,72.5
3042,이준호,23,67.7
3043,홍길동,38,95.7
3044,김철수,22,85.1
3045,김민지,54,77.3
3046,홍길동,40,60.0
3047,박민수,30,75.9
3048,최지훈,30,55.2
3049,이준호,52,95.3
3050,정수연,27,91.0
3051,최지훈,23,57.9
3052,박민수,29,96.9
3053,김철수,18,69.8
3054,이영희,18,74.1
3055,박민수,22,97.7
3056,김철수,24,77.0
3057,박민수,62,50.7
3058,최지훈,33,72.1
3059,김민지,31,56.9
3060,김민지,19,98.6
3061,정수연,49,58.2
3062,김철수,28,92.8
3063,이준호,25,55.3
3064,정수연,60,67.2
3065,이영희,22,90.4
3066,홍길동,40,60.6
3067,박민수,26,72.3
3068,홍길동,51,63.3
3069,최지훈,23,65.9
3070,이영희,19,58.5
3071,최지훈,21,70.2
3072,이영희,18,58.3
3073,이준호,31,68.2
3074,김민지,51,89.4
3075,박민수,42,84.0
3076,홍길동,67,88.0
3077,이영희,28,95.2
3078,이영희,21,55.4
3079,최지훈,49,97.8
3080,박민수,52,86.8
3081,박민수,27,86.4
3082,이영희,31,65.0
3083,최지훈,50,69.0
3084,홍길동,25,84.7
3085,정수연,28,73.5
3086,박민수,67,84.4
3087,이영희,45,77.2
3088,홍길동,29,59.3
3089,이준호,64,76.3
3090,정수연,24,81.5
3091,이영희,31,93.4
3092,최지훈,19,79.8
3093,이영희,56,98.3
3094,홍길동,37,95.0
3095,홍길동,43,51.4
3096,최지훈,57,75.6
3097,이영희,50,50.5
3098,정수연,44,68.5
3099,최지훈,61,74.7
3100,홍길동,60,53.1
3101,김민지,52,59.1
3102,최지훈,18,66.4
3103,김철수,18,52.1
3104,정수연,61,54.2
3105,정수연,54,74.2
3106,박민수,48,65.1
3107,박민수,64,98.0
3108,김철수,37,86.0
3109,박민수,26,74.6
3110,최지훈,35,91.6
3111,최지훈,39,95.0
3112,정수연,67,87.8
3113,박민수,23,77.4
3114,김철수,22,64.4
3115,홍길동,49,84.1
3116,최지훈,30,72.2
3117,김철수,34,76.5
3118,정수연,23,68.0
3119,김철수,43,86.6
3120,김철수,29,96.5
3121,박민수,60,87.8
3122,최지훈,33,77.0
3123,홍길동,19,83.2
3124,박민수,22,60.8
3125,정수연,22,91.1
3126,이영희,44,54.9
3127,이영희,63,54.3
3128,최지훈,41,58.2
3129,박민수,41,89.4
3130,김민지,29,60.1
3131,박민수,61,75.0
3132,김민지,23,67.0
3133,이준호,47,68.6
3134,최지훈,47,64.9
3135,이준호,29,85.4
3136,김철수,37,71.7
3137,김철수,33,91.3
3138,최지훈,55,54.4
3139,정수연,29,62.6
3140,김철수,30,68.3
3141,최지훈,60,90.0
3142,홍길동,65,51.2
3143,김철수,19,53.0
3144,김민지,67,90.1
3145,최지훈,40,79.2
3146,이영희,36,86.3
3147,홍길동,20,70.2
3148,이준호,58,60.2
3149,김민지,52,85.3
3150,김민지,30,56.9
3151,김철수,64,71.0
3152,정수연,66,62.7
3153,홍길동,32,72.2
3154,홍길동,31,53.8
3155,홍길동,19,60.6
3156,이준호,64,57.5
3157,최지훈,46,55.7
3158,김민지,61,74.8
3159,이영희,29,91.3
3160,박민수,35,87.8
3161,정수연,43,59.7
3162,홍길동,27,58.1
3163,정수연,66,82.0
3164,이준호,43,59.6
3165,이준호,48,59.3
3166,정수연,41,97.6
3167,최지훈,53,68.6
3168,박민수,59,62.2
3169,박민수,66,54.4
3170,이영희,65,85.4
3171,김철수,32,70.0
3172,김민지,59,58.9
3173,최지훈,46,62.4
3174,정수연,41,95.5
3175,박민수,37,75.5
3176,이영희,54,54.8
3177,최지훈,64,66.0
3178,김민지,52,96.8
3179,정수연,55,86.4
3180,최지훈,39,73.3
3181,정수연,54,81.0
3182,최지훈,27,96.9
3183,홍길동,43,66.3
3184,홍길동,46,53.3
3185,김민지,30,56.1
3186,최지훈,33,56.0
3187,최지훈,31,74.7
3188,김철수,30,51.5
3189,이준호,61,81.1
3190,홍길동,58,79.5
3191,홍길동,25,52.6
3192,홍길동,20,76.9
3193,김철수,28,88.8
3194,김철수,55,73.5
3195,이준호,26,74.4
3196,김철수,40,93.7
3197,홍길동,43,66.9
3198,박민수,38,87.9
3199,김철수,34,93.0
3200,이영희,46,79.3
3201,최지훈,40,98.1
3202,김철수,61,77.2
3203,김민지,28,87.4
3204,이영희,34,79.0
3205,김민지,26,73.1
3206,김민지,29,88.9
3207,정수연,44,91.3
3208,이준호,33,59.5
3209,이준호,37,55.2
3210,홍길동,34,98.4
3211,정수연,65,73.4
3212,이준호,30,62.3
3213,최지훈,50,55.4
3214,이영희,48,59.4
3215,홍길동,63,71.0
3216,이영희,31,76.3
3217,김철수,40,80.6
3218,정수연,54,95.8
3219,홍길동,42,86.5
3220,김민지,61,73.6
3221,박민수,36,83.9
3222,이준호,48,85.3
3223,김철수,31,50.0
3224,김철수,53,60.3
3225,최지훈,43,77.9
3226,이영희,19,94.5
3227,박민수,58,76.1
3228,이준호,60,83.2
3229,이준호,51,80.2
3230,이준호,21,51.4
3231,정수연,36,67.3
3232,김민지,46,92.5
3233,김철수,21,78.7
3234,정수연,41,52.0
3235,최지훈,35,61.0
3236,김민지,46,70.7
3237,박민수,42,89.4
3238,정수연,33,75.9
3239,박민수,66,85.3
3240,김민지,39,78.0
3241,최지훈,21,83.4
3242,김민지,25,85.3
3243,김철수,39,92.4
3244,김민지,62,66.5
3245,박민수,53,70.3
3246,홍길동,61,84.4
3247,최지훈,21,84.1
3248,이준호,58,97.5
3249,이준호,43,81.7
3250,박민수,63,87.9
3251,김민지,51,76.2
3252,김철수,36,56.4
3253,박민수,45,93.0
3254,이준호,54,75.7
3255,박민수,42,88.7
3256,김철수,36,78.4
3257,홍길동,19,77.6
3258,박민수,29,88.1
3259,김철수,50,99.7
3260,이준호,38,99.1
3261,이준호,23,71.5
3262,박민수,61,81.4
3263,김철수,49,68.9
3264,이영희,58,62.2
3265,이준호,53,93.9
3266,최지훈,63,84.7
3267,최지훈,41,87.9
3268,김민지,18,96.2
3269,홍길동,27,66.2
3270,박민수,33,88.0
3271,박민수,45,66.8
3272,이준호,44,77.5
3273,홍길동,45,79.7
3274,이영희,41,84.4
3275,김민지,62,97.7
3276,박민수,24,66.7
3277,김민지,55,80.8
3278,김민지,60,58.0
3279,최지훈,24,91.5
3280,이준호,28,71.3
3281,이영희,55,50.8
3282,김철수,56,53.3
3283,박민수,65,58.3
3284,홍길동,26,54.7
3285,김철수,49,95.1
3286,김철수,50,85.2
3287,이영희,28,76.4
3288,최지훈,36,80.6
3289,이영희,33,76.6
3290,이준호,31,97.0
3291,박민수,58,52.2
3292,이준호,28,50.3
3293,박민수,65,96.9
3294,김철수,24,94.9
3295,홍길동,33,81.6
3296,홍길동,39,88.2
3297,이준호,43,64.2
3298,김철수,29,95.7
3299,이영희,67,86.3
3300,정수연,21,93.5
3301,이영희,27,81.4
3302,홍길동,25,92.4
3303,김철수,54,59.1
3304,정수연,59,93.4
3305,홍길동,63,85.5
3306,김철수,48,99.3
3307,이영희,25,97.9
3308,이영희,27,71.6
3309,홍길동,22,85.6
3310,홍길동,61,80.6
3311,박민수,61,61.1
3312,이영희,42,51.8
3313,김민지,46,67.5
3314,홍길동,27,71.9
3315,이준호,24,72.4
3316,정수연,57,61.4
3317,박민수,32,99.2
3318,박민수,53,57.3
3319,이준호,55,84.2
3320,김민지,38,78.4
3321,김민지,53,67.2
3322,박민수,49,58.9
3323,김민지,66,71.8
3324,최지훈,54,60.6
3325,김철수,25,77.9
3326,이준호,19,75.3
3327,이준호,40,81.2
3328,이준호,52,90.0
3329,김민지,50,65.7
3330,김민지,59,90.2
3331,최지훈,54,87.7
3332,김민지,61,60.7
3333,최지훈,62,76.4
3334,김민지,29,58.8
3335,최지훈,64,91.6
3336,이준호,61,77.1
3337,박민수,18,70.6
3338,이준호,29,74.9
3339,홍길동,67,85.2
3340,이준호,37,92.6
3341,김철수,39,67.1
3342,박민수,35,77.8
3343,정수연,46,76.4
3344,박민수,39,64.2
3345,홍길동,40,92.8
3346,김철수,18,83.6
3347,박민수,22,66.5
3348,정수연,58,53.0
3349,정수연,59,98.6
3350,최지훈,25,77.7
3351,이준호,18,86.4
3352,홍길동,49,87.9
3353,홍길동,30,54.0
3354,김철수,58,74.6
3355,최지훈,22,52.2
3356,김철수,50,87.0
3357,이영희,33,70.2
3358,박민수,39,95.4
3359,정수연,41,55.9
3360,이영희,60,79.0
3361,이준호,50,65.7
3362,박민수,51,59.9
3363,김민지,27,67.4
3364,이영희,25,66.0
3365,박민수,21,69.3
3366,이준호,67,93.4
3367,박민수,47,95.9
3368,이준호,47,99.7
3369,홍길동,46,53.9
3370,박민수,21,99.9
3371,이영희,50,60.2
3372,정수연,48,90.3
3373,정수연,38,84.4
3374,정수연,66,98.5
3375,이영희,19,53.1
3376,이준호,20,69.2
3377,최지훈,46,79.2
3378,이영희,23,87.6
3379,이영희,18,63.4
3380,박민수,42,90.9
3381,박민수,44,92.3
3382,김철수,65,54.3
3383,정수연,63,72.0
3384,정수연,49,97.2
3385,박민수,29,81.0
3386,홍길동,49,56.6
3387,김민지,48,62.9
3388,이영희,36,76.5
3389,김철수,66,52.1
3390,김철수,19,74.7
3391,박민수,40,96.7
3392,최지훈,40,52.8
3393,최지훈,39,90.2
3394,홍길동,41,60.9
3395,홍길동,58,99.3
3396,최지훈,21,66.3
3397,최지훈,42,66.1
3398,홍길동,52,58.6
3399,정수연,49,51.3
3400,정수연,53,70.2
3401,이준호,61,69.1
3402,박민수,25,68.6
3403,김민지,26,80.8
3404,정수연,60,95.0
3405,김철수,39,80.2
3406,홍길동,27,65.4
3407,김민지,20,89.3
3408,김민지,47,64.3
3409,최지훈,44,54.1
3410,홍길동,51,96.9
3411,김철수,34,51.8
3412,이영희,23,58.3
3413,최지훈,50,98.8
3414,홍길동,56,62.1
3415,김철수,42,68.1
3416,박민수,37,52.3
3417,정수연,63,51.0
3418,홍길동,32,75.5
3419,김민지,50,81.4
3420,이영희,38,99.4
3421,이영희,56,82.5
3422,이준호,43,98.0
3423,정수연,53,50.5
3424,김민지,45,96.9
3425,홍길동,21,63.1
3426,이준호,52,51.2
3427,홍길동,50,68.9
3428,김민지,56,98.6
3429,이영희,66,54.3
3430,최지훈,27,57.4
3431,홍길동,54,72.9
3432,홍길동,20,87.6
3433,홍길동,57,94.1
3434,정수연,56,56.6
3435,정수연,58,92.4
3436,박민수,56,83.1
3437,김민지,41,95.7
3438,홍길동,34,68.2
3439,박민수,34,73.3
3440,김민지,24,83.7
3441,홍길동,61,81.2
3442,정수연,26,90.7
3443,이준호,46,54.1
3444,정수연,18,85.1
3445,박민수,67,55.5
3446,정수연,41,59.9
3447,이영희,22,89.7
3448,정수연,29,64.6
3449,이영희,54,58.7
3450,홍길동,52,89.9
3451,박민수,45,97.9
3452,박민수,37,70.9
3453,홍길동,63,74.6
3454,이영희,25,62.2
3455,박민수,56,75.9
3456,이준호,66,89.4
3457,이영희,27,79.0
3458,정수연,21,54.8
3459,이준호,51,74.9
3460,최지훈,33,70.3
3461,정수연,46,82.4
3462,홍길동,47,87.5
3463,정수연,43,69.4
3464,이준호,40,65.2
3465,정수연,33,90.7
3466,이영희,50,55.4
3467,김철수,51,92.1
3468,홍길동,44,52.2
3469,김민지,25,58.7
3470,김철수,34,96.2
3471,최지훈,50,64.2
3472,김민지,54,58.7
3473,홍길동,28,83.9
3474,김민지,31,54.7
3475,최지훈,26,90.5
3476,정수연,56,94.7
3477,박민수,24,57.7
3478,김민지,20,77.1
3479,김철수,53,77.5
3480,김민지,65,68.1
3481,이준호,48,71.7
3482,김민지,41,57.2
3483,홍길동,32,88.9
3484,최지훈,41,52.8
3485,이준호,43,83.5
3486,김철수,32,76.3
3487,이준호,38,59.4
3488,박민수,53,65.4
3489,정수연,61,58.6
3490,최지훈,41,82.9
3491,김민지,64,52.5
3492,홍길동,28,55.6
3493,정수연,22,55.2
3494,홍길동,19,50.8
3495,이영희,25,77.5
3496,정수연,49,54.1
3497,홍길동,27,51.5
3498,이영희,44,58.8
3499,이영희,65,64.8
3500,최지훈,36,91.9
3501,홍길동,49,82.2
3502,정수연,48,60.4
3503,김민지,46,89.0
3504,홍길동,53,99.4
3505,박민수,18,100.0
3506,최지훈,65,76.8
3507,이준호,29,55.0
3508,정수연,60,75.5
3509,김민지,41,86.5
3510,이준호,27,74.4
3511,정수연,39,69.6
3512,김민지,66,94.6
3513,정수연,39,87.2
3514,김철수,54,70.9
3515,정수연,55,85.9
3516,이준호,46,99.1
3517,이영희,35,79.0
3518,박민수,57,96.3
3519,홍길동,52,77.0
3520,이영희,44,71.8
3521,박민수,56,72.1
3522,박민수,30,93.9
3523,정수연,55,92.9
3524,김민지,30,99.0
3525,이영희,64,79.9
3526,김철수,63,73.4
3527,정수연,58,97.0
3528,김민지,61,55.0
3529,최지훈,51,51.7
3530,최지훈,48,72.7
3531,박민수,37,74.3
3532,박민수,27,85.0
3533,김철수,27,65.1
3534,최지훈,23,55.6
3535,최지훈,18,52.6
3536,김철수,35,54.6
3537,정수연,45,73.0
3538,이영희,39,67.7
3539,이영희,20,73.9
3540,최지훈,55,60.2
3541,박민수,47,70.0
3542,이영희,29,87.0
3543,홍길동,28,83.2
3544,박민수,51,66.2
3545,최지훈,42,60.7
3546,홍길동,67,80.8
3547,김철수,42,92.8
3548,홍길동,47,73.1
3549,이준호,63,52.6
3550,이준호,41,77.0
3551,홍길동,42,73.6
3552,김민지,48,72.4
3553,이영희,28,72.3
3554,김민지,49,57.6
3555,박민수,65,92.9
3556,정수연,31,53.0
3557,박민수,50,64.6
3558,이준호,58,94.9
3559,이준호,35,60.4
3560,박민수,47,71.2
3561,김철수,34,85.2
3562,최지훈,27,55.9
3563,정수연,51,56.6
3564,최지훈,35,76.4
3565,정수연,51,94.3
3566,김민지,20,55.3
3567,김철수,42,83.5
3568,김철수,32,63.5
3569,이준호,33,90.5
3570,정수연,50,78.8
3571,김철수,46,55.2
3572,정수연,49,73.9
3573,박민수,22,98.9
3574,김철수,62,63.0
3575,박민수,45,68.5
3576,박민수,35,77.5
3577,김철수,32,84.5
3578,홍길동,59,57.2
3579,정수연,37,57.4
3580,홍길동,52,59.1
3581,이준호,59,70.1
3582,김민지,22,61.1
3583,박민수,38,51.2
3584,정수연,56,98.1
3585,김철수,59,98.7
3586,김민지,55,57.5
3587,홍길동,21,68.5
3588,박민수,19,55.4
3589,홍길동,44,58.1
3590,최지훈,35,72.5
3591,홍길동,50,51.0
3592,이영희,51,97.3
3593,정수연,39,75.7
3594,이영희,66,72.5
3595,김민지,50,59.8
3596,이영희,61,92.2
3597,이영희,51,95.8
3598,정수연,33,61.6
3599,이영희,66,74.8
3600,이영희,56,71.1
3601,홍길동,29,65.6
3602,홍길동,39,53.7
3603,김철수,45,81.9
3604,정수연,42,85.0
3605,정수연,62,50.1
3606,정수연,42,87.2
3607,홍길동,52,57.5
3608,정수연,35,99.1
3609,김철수,62,75.4
3610,최지훈,46,99.5
3611,김민지,27,55.2
3612,박민수,29,87.1
3613,이영희,56,73.2
3614,최지훈,60,89.3
3615,정수연,59,58.4
3616,김민지,64,52.1
3617,최지훈,45,53.7
3618,정수연,52,55.9
3619,정수연,37,100.0
3620,박민수,36,74.4
3621,이준호,27,95.2
3622,정수연,58,98.3
3623,박민수,62,65.4
3624,김철수,54,71.0
3625,홍길동,47,99.7
3626,이영희,43,53.2
3627,김민지,48,98.5
3628,정수연,45,99.4
3629,최지훈,51,71.7
3630,이준호,35,55.7
3631,이영희,35,64.6
3632,정수연,20,80.7
3633,김민지,54,62.4
3634,김철수,22,83.2
3635,최지훈,65,60.0
3636,홍길동,36,73.8
3637,김민지,29,81.9
3638,정수연,27,59.9
3639,이준호,51,87.6
3640,김민지,53,89.0
3641,홍길동,55,77.7
3642,이준호,52,64.0
3643,홍길동,19,82.7
3644,김민지,47,60.0
3645,김철수,40,66.4
3646,정수연,58,68.0
3647,정수연,60,59.3
3648,김민지,56,95.9
3649,정수연,36,65.3
3650,김민지,66,75.6
3651,김민지,58,86.0
3652,이영희,30,68.3
3653,김철수,25,53.2
3654,김민지,19,86.0
3655,홍길동,46,89.8
3656,이준호,22,97.0
3657,홍길동,58,94.9
3658,이준호,19,57.8
3659,김민지,64,96.6
3660,홍길동,58,52.5
3661,김민지,19,53.3
3662,이준호,28,83.5
3663,이영희,38,94.1
3664,이준호,39,52.3
3665,이영희,32,60.9
3666,이영희,59,64.9
3667,이영희,20,73.2
3668,정수연,67,63.6
3669,이영희,30,95.5
3670,최지훈,61,84.3
3671,김철수,41,65.4
3672,박민수,55,91.8
3673,이준호,36,69.1
3674,최지훈,29,59.9
3675,최지훈,39,58.9
3676,김철수,61,68.3
3677,김철수,65,55.5
3678,김민지,27,75.1
3679,김민지,47,95.8
3680,김철수,38,59.1
3681,최지훈,50,66.6
3682,이영희,34,85.3
3683,이준호,67,59.0
3684,김철수,20,75.7
3685,김민지,48,54.9
3686,이영희,54,57.1
3687,박민수,32,87.9
3688,홍길동,37,99.5
3689,김민지,58,65.8
3690,김철수,67,96.9
3691,홍길동,21,62.7
3692,최지훈,65,64.4
3693,김철수,48,62.0
3694,최지훈,24,94.4
3695,홍길동,45,52.3
3696,최지훈,28,98.8
3697,이준호,19,67.3
3698,이준호,51,92.5
3699,김철수,37,52.7
3700,김민지,47,94.4
3701,김철수,27,88.7
3702,홍길동,51,95.9
3703,김민지,36,80.2
3704,김민지,20,61.0
3705,이준호,56,98.8
3706,김철수,24,54.8
3707,김민지,62,89.1
3708,홍길동,39,70.3
3709,홍길동,51,59.8
3710,이영희,40,70.3
3711,정수연,56,59.9
3712,김민지,29,84.9
3713,이준호,63,80.7
3714,박민수,66,66.7
3715,김민지,63,68.5
3716,정수연,18,84.6
3717,이준호,52,74.1
3718,이준호,47,95.5
3719,박민수,57,60.3
3720,이준호,35,94.2
3721,정수연,49,54.3
3722,이준호,24,56.4
3723,이준호,36,54.3
3724,김민지,54,67.8
3725,정수연,43,78.6
3726,김민지,31,95.1
3727,이준호,25,70.9
3728,홍길동,40,77.5
3729,김철수,20,53.2
3730,이영희,33,88.9
3731,김철수,42,89.2
3732,김철수,44,96.3
3733,정수연,37,70.6
3734,최지훈,45,82.2
3735,정수연,47,68.4
3736,이준호,51,76.9
3737,홍길동,49,93.3
3738,최지훈,67,96.9
3739,김철수,49,93.8
3740,김민지,54,89.1
3741,이영희,37,89.0
3742,김철수,20,58.2
3743,김철수,48,56.5
3744,최지훈,24,65.5
3745,홍길동,47,51.6
3746,이준호,42,73.8
3747,최지훈,42,60.2
3748,홍길동,54,65.1
3749,이영희,34,82.0
3750,김민지,57,81.1
3751,김철수,49,56.2
3752,홍길동,66,54.0
3753,정수연,54,81.9
3754,박민수,36,71.1
3755,김철수,67,54.5
3756,박민수,58,79.6
3757,홍길동,30,97.4
3758,김민지,31,51.6
3759,박민수,38,78.1
3760,정수연,24,68.9
3761,홍길동,35,58.0
3762,김철수,67,74.9
3763,홍길동,53,65.0
3764,김민지,60,63.5
3765,김철수,36,68.2
3766,박민수,36,63.0
3767,최지훈,48,56.5
3768,최지훈,30,89.5
3769,박민수,65,70.8
3770,정수연,18,57.0
3771,김철수,46,70.1
3772,박민수,59,88.9
3773,최지훈,37,74.1
3774,김철수,48,72.3
3775,홍길동,44,72.8
3776,박민수,22,85.0
3777,이준호,30,86.8
3778,김철수,47,74.2
3779,김민지,44,82.5
3780,이영희,41,98.1
3781,이영희,24,53.9
3782,정수연,52,69.0
3783,김철수,47,93.5
3784,이영희,28,80.4
3785,정수연,37,78.2
3786,박민수,38,81.0
3787,박민수,64,72.8
3788,이영희,37,72.8
3789,이준호,38,78.1
3790,김민지,44,84.0
3791,정수연,25,88.9
3792,박민수,41,87.9
3793,김민지,64,51.3
3794,김민지,57,80.9
3795,김민지,45,53.7
3796,정수연,47,85.2
3797,정수연,51,74.5
3798,이영희,37,72.3
3799,이준호,53,65.4
3800,이준호,23,90.8
3801,정수연,33,68.6
3802,홍길동,66,70.9
3803,박민수,61,75.0
3804,정수연,38,67.1
3805,최지훈,54,83.1
3806,이준호,40,87.8
3807,최지훈,27,71.9
3808,김철수,18,77.9
3809,정수연,46,81.6
3810,최지훈,50,72.7
3811,이준호,57,90.9
3812,이준호,64,64.5
3813,김철수,65,86.3
3814,박민수,66,91.0
3815,김철수,48,86.9
3816,김민지,23,65.8
3817,김민지,42,70.1
3818,박민수,41,74.5
3819,박민수,22,95.0
3820,정수연,37,54.1
3821,최지훈,23,69.5
3822,박민수,57,99.8
3823,김철수,52,72.8
3824,김철수,26,89.7
3825,이준호,67,60.5
3826,이준호,42,82.0
3827,김철수,58,61.8
3828,정수연,34,85.8
3829,정수연,28,64.4
3830,이영희,59,79.3
3831,김민지,53,88.6
3832,최지훈,67,99.7
3833,김철수,18,81.8
3834,최지훈,19,78.6
3835,홍길동,67,94.1
3836,박민수,24,92.4
3837,김철수,59,69.8
3838,최지훈,23,57.9
3839,김민지,21,96.9
3840,홍길동,62,80.4
3841,이준호,53,60.9
3842,홍길동,23,64.2
3843,이준호,36,77.7
3844,정수연,40,84.0
3845,정수연,57,50.5
3846,박민수,24,89.6
3847,홍길동,24,71.8
3848,김철수,34,50.9
3849,박민수,32,58.3
3850,홍길동,67,54.5
3851,정수연,29,95.0
3852,이준호,55,86.3
3853,이준호,36,81.0
3854,김민지,62,88.8
3855,정수연,24,80.9
3856,박민수,47,94.0
3857,최지훈,40,68.5
3858,박민수,19,74.6
3859,이준호,23,91.7
3860,이준호,61,79.6
3861,김민지,51,80.9
3862,이영희,50,50.4
3863,김민지,51,52.0
3864,이영희,37,87.1
3865,정수연,46,76.0
3866,정수연,33,94.6
3867,김민지,37,82.8
3868,최지훈,26,55.0
3869,정수연,54,89.1
3870,이영희,52,96.3
3871,이준호,49,69.4
3872,최지훈,49,73.6
3873,이영희,20,71.0
3874,이영희,40,72.2
3875,박민수,39,67.0
3876,홍길동,45,98.6
3877,김철수,31,79.6
3878,김철수,42,54.1
3879,홍길동,29,57.4
3880,정수연,43,75.0
3881,김민지,37,66.9
3882,정수연,44,64.5
3883,최지훈,55,51.6
3884,김철수,36,54.7
3885,홍길동,32,83.5
3886,이영희,43,70.0
3887,김민지,66,58.9
3888,홍길동,56,88.1
3889,정수연,65,79.1
3890,이준호,35,79.6
3891,최지훈,64,51.6
3892,이영희,63,87.2
3893,박민수,28,85.6
3894,박민수,61,96.6
3895,김철수,48,82.8
3896,이영희,43,82.8
3897,최지훈,35,57.8
3898,김철수,20,87.4
3899,김철수,29,75.6
3900,정수연,47,77.0
3901,김철수,42,91.3
3902,최지훈,40,75.5
3903,정수연,36,85.1
3904,박민수,51,77.1
3905,정수연,50,56.1
3906,이영희,37,69.5
3907,김철수,62,53.9
3908,이영희,42,78.8
3909,이영희,49,73.0
3910,이영희,51,94.5
3911,정수연,45,92.2
3912,이준호,34,70.9
3913,김민지,32,88.3
3914,홍길동,52,75.3
3915,이준호,44,90.4
3916,김철수,27,79.4
3917,홍길동,54,93.0
3918,이준호,21,76.7
3919,홍길동,35,56.3
3920,박민수,65,75.6
3921,이영희,35,82.1
3922,김민지,35,96.7
3923,최지훈,34,70.2
3924,정수연,25,96.6
3925,이준호,58,89.7
3926,최지훈,48,80.4
3927,홍길동,20,93.8
3928,이영희,63,81.3
3929,홍길동,58,63.8
3930,이준호,46,91.4
3931,김민지,63,99.1
3932,박민수,31,51.0
3933,이준호,65,57.2
3934,정수연,53,99.9
3935,김민지,19,66.3
3936,최지훈,31,97.0
3937,정수연,60,56.7
3938,이영희,57,91.9
3939,김철수,51,89.8
3940,이준호,42,73.3
3941,김민지,51,91.7
3942,이영희,24,90.8
3943,이영희,60,61.0
3944,최지훈,56,84.2
3945,박민수,20,95.0
3946,최지훈,52,83.5
3947,박민수,38,67.3
3948,정수연,67,68.9
3949,김민지,41,80.5
3950,홍길동,48,90.6
3951,최지훈,21,89.3
3952,김철수,63,62.6
3953,김철수,55,52.5
3954,김철수,31,93.2
3955,박민수,62,95.5
3956,최지훈,27,71.2
3957,홍길동,19,60.5
3958,김철수,38,94.4
3959,이준호,23,55.1
3960,박민수,35,74.4
3961,이영희,56,93.4
3962,김철수,44,86.6
3963,정수연,19,89.6
3964,최지훈,39,52.1
3965,이영희,38,96.3
3966,김철수,22,85.3
3967,김철수,60,95.1
3968,이영희,58,80.2
3969,이영희,19,70.9
3970,이준호,24,59.6
3971,박민수,64,80.5
3972,정수연,39,84.4
3973,정수연,53,81.8
3974,이준호,56,79.3
3975,정수연,25,76.3
3976,최지훈,50,70.2
3977,정수연,57,91.7
3978,박민수,26,65.3
3979,정수연,65,56.1
3980,김민지,24,70.1
3981,박민수,44,70.3
3982,이준호,47,78.1
3983,이영희,29,81.3
3984,이준호,49,87.5
3985,홍길동,59,56.0
3986,김민지,48,55.1
3987,김철수,31,92.4
3988,홍길동,40,76.4
3989,김철수,46,96.0
3990,이준호,25,62.9
3991,정수연,18,69.3
3992,김철수,37,76.1
3993,박민수,18,86.8
3994,박민수,54,50.1
3995,김철수,48,55.6
3996,최지훈,64,85.0
3997,최지훈,60,89.3
3998,박민수,39,76.6
3999,이영희,29,95.6
4000,최지훈,50,99.7
4001,김민지,53,57.9
4002,김민지,26,82.7
4003,최지훈,41,93.0
4004,이영희,46,69.5
4005,홍길동,67,87.0
4006,홍길동,30,95.5
4007,박민수,28,90.0
4008,홍길동,62,89.4
4009,김철수,60,86.0
4010,김철수,26,62.2
4011,이영희,28,96.0
4012,최지훈,64,67.8
4013,김철수,39,81.0
4014,정수연,34,54.6
4015,홍길동,32,66.8
4016,홍길동,39,58.2
4017,이준호,20,82.7
4018,김철수,45,91.0
4019,김철수,34,72.7
4020,이영희,44,59.4
4021,최지훈,58,68.5
4022,정수연,50,77.7
4023,홍길동,46,57.2
4024,이영희,19,62.0
4025,이영희,65,87.2
4026,이영희,55,75.8
4027,정수연,28,75.8
4028,박민수,39,76.6
4029,김민지,36,74.8
4030,김민지,25,82.2
4031,김민지,48,66.5
4032,김철수,35,92.3
4033,최지훈,47,84.5
4034,이준호,22,73.3
4035,이준호,40,58.8
4036,정수연,20,97.0
4037,최지훈,60,98.9
4038,김민지,67,83.8
4039,박민수,54,97.7
4040,정수연,60,70.8
4041,김철수,40,66.4
4042,이준호,62,72.4
4043,홍길동,24,61.9
4044,정수연,25,87.6
4045,김민지,60,62.0
4046,정수연,55,75.3
4047,최지훈,23,67.5
4048,홍길동,63,96.9
4049,이준호,58,84.0
4050,박민수,60,71.5
4051,이영희,46,51.4
4052,김철수,60,61.7
4053,김철수,51,83.1
4054,최지훈,46,95.4
4055,김철수,41,56.6
4056,최지훈,27,61.2
4057,최지훈,25,58.4
4058,홍길동,54,77.6
4059,이영희,26,58.9
4060,최지훈,66,76.7
4061,정수연,65,93.2
4062,김철수,62,56.9
4063,홍길동,43,74.5
4064,홍길동,59,74.2
4065,이준호,34,83.6
4066,김철수,46,84.5
4067,김철수,56,50.1
4068,정수연,66,67.8
4069,김민지,50,67.4
4070,최지훈,48,94.2
4071,정수연,64,72.0
4072,김민지,29,93.1
4073,최지훈,40,77.1
4074,정수연,67,95.0
4075,박민수,33,72.8
4076,김민지,40,59.3
4077,이준호,54,66.9
4078,정수연,36,76.4
4079,김민지,43,91.2
4080,이준호,67,83.4
4081,홍길동,29,71.4
4082,정수연,62,65.6
4083,홍길동,29,74.6
4084,김철수,59,69.2
4085,김민지,31,80.1
4086,김철수,31,67.8
4087,박민수,19,50.8
4088,정수연,43,62.3
4089,이영희,30,59.0
4090,이영희,43,56.0
4091,홍길동,53,66.8
4092,박민수,37,55.3
4093,김민지,46,71.5
4094,김철수,56,78.9
4095,정수연,32,51.3
4096,이영희,67,96.6
4097,이영희,67,63.5
4098,김철수,44,89.6
4099,이준호,22,86.2
4100,박민수,26,67.0
4101,이영희,26,59.9
4102,정수연,58,93.5
4103,홍길동,18,90.3
4104,홍길동,63,66.8
4105,박민수,38,73.6
4106,최지훈,32,58.0
4107,박민수,42,55.1
4108,박민수,48,87.8
4109,김철수,64,62.9
4110,홍길동,61,94.9
4111,김철수,56,88.4
4112,최지훈,60,78.0
4113,김철수,51,57.5
4114,김철수,23,60.2
4115,정수연,47,55.3
4116,이영희,31,80.6
4117,정수연,52,68.4
4118,이준호,27,82.3
4119,김철수,47,77.6
4120,이영희,29,57.3
4121,김철수,48,58.5
4122,정수연,23,71.4
4123,이준호,61,88.7
4124,이영희,48,89.0
4125,최지훈,23,75.0
4126,이준호,32,98.2
4127,김민지,36,65.5
4128,김민지,36,60.6
4129,홍길동,66,67.3
4130,이영희,45,54.7
4131,김철수,39,80.9
4132,김민지,64,95.3
4133,홍길동,49,79.0
4134,최지훈,43,93.6
4135,김민지,35,72.2
4136,홍길동,61,95.9
4137,김민지,22,77.4
4138,김철수,19,70.6
4139,이영희,48,69.1
4140,박민수,67,59.9
4141,이준호,49,85.2
4142,김철수,38,59.2
4143,최지훈,54,68.4
4144,박민수,44,66.8
4145,최지훈,20,89.8
4146,박민수,32,51.0
4147,김민지,18,85.6
4148,홍길동,53,51.7
4149,최지훈,63,98.7
4150,최지훈,27,88.6
4151,이준호,50,82.9
4152,박민수,34,97.9
4153,이준호,51,94.1
4154,김민지,18,87.4
4155,최지훈,48,89.9
4156,이준호,47,66.9
4157,이영희,32,61.9
4158,최지훈,58,77.6
4159,정수연,49,77.3
4160,홍길동,29,83.9
4161,최지훈,60,90.7
4162,정수연,62,93.6
4163,최지훈,36,54.3
4164,박민수,33,81.5
4165,김철수,49,52.2
4166,김철수,59,60.7
4167,김민지,45,55.6
4168,김민지,47,75.0
4169,최지훈,36,87.6
4170,김철수,62,57.7
4171,이준호,46,90.4
4172,박민수,36,63.2
4173,홍길동,52,51.5
4174,최지훈,39,94.3
4175,김철수,66,93.2
4176,이준호,21,60.2
4177,정수연,54,81.8
4178,정수연,32,80.8
4179,최지훈,28,71.0
4180,김민지,26,51.7
4181,김민지,18,70.6
4182,이준호,60,78.4
4183,홍길동,24,73.6
4184,김민지,25,54.5
4185,이영희,25,64.7
4186,이준호,38,76.5
4187,홍길동,52,98.5
4188,홍길동,45,71.8
4189,이준호,50,91.5
4190,박민수,41,88.7
4191,김철수,25,58.7
4192,홍길동,24,84.6
4193,김민지,42,70.6
4194,박민수,36,69.7
4195,이영희,24,96.1
4196,이준호,26,53.1
4197,김철수,54,82.2
4198,홍길동,19,61.7
4199,최지훈,34,50.5
4200,이영희,63,62.8
4201,정수연,28,70.4
4202,김철수,54,53.4
4203,최지훈,20,91.1
4204,최지훈,35,94.8
4205,이준호,48,65.2
4206,최지훈,35,98.2
4207,이영희,35,50.0
4208,이준호,34,53.5
4209,정수연,32,95.3
4210,김철수,59,72.2
4211,홍길동,55,98.7
4212,정수연,27,68.4
4213,김철수,22,81.4
4214,김민지,65,98.2
4215,박민수,18,74.4
4216,이준호,47,69.0
4217,이준호,27,83.8
4218,이영희,57,83.6
4219,정수연,49,54.8
4220,김민지,45,76.7
4221,홍길동,46,77.4
4222,홍길동,42,54.9
4223,이영희,40,54.5
4224,이영희,62,57.5
4225,김민지,67,65.3
4226,김민지,50,78.0
4227,홍길동,42,65.5
4228,김민지,25,65.5
4229,김민지,36,80.1
4230,박민수,58,58.1
4231,이준호,25,81.0
4232,김민지,49,79.6
4233,이준호,57,62.8
4234,홍길동,59,99.7
4235,이영희,36,68.5
4236,홍길동,57,97.1
4237,이영희,43,56.6
4238,김민지,65,65.8
4239,정수연,24,59.9
4240,김민지,63,67.3
4241,정수연,24,75.6
4242,박민수,45,85.7
4243,홍길동,38,54.9
4244,홍길동,64,82.8
4245,정수연,41,62.8
4246,이영희,18,97.0
4247,김철수,61,98.0
4248,박민수,24,67.6
4249,최지훈,18,95.8
4250,이준호,27,65.3
4251,김철수,33,81.3
4252,박민수,57,92.7
4253,박민수,25,76.2
4254,김민지,47,55.3
4255,최지훈,51,93.7
4256,김철수,28,89.2
4257,최지훈,63,84.6
4258,박민수,36,79.8
4259,홍길동,18,71.5
4260,홍길동,25,89.5
4261,최지훈,31,65.1
4262,박민수,62,83.2
4263,정수연,60,89.5
4264,박민수,24,90.3
4265,최지훈,53,69.2
4266,김철수,18,59.5
4267,박민수,19,69.5
4268,이준호,34,68.2
4269,김철수,51,85.8
4270,이준호,45,89.4
4271,이준호,65,99.8
4272,이영희,64,63.1
4273,박민수,60,89.8
4274,김철수,48,97.1
4275,김민지,43,62.1
4276,김철수,19,75.4
4277,이영희,56,61.9
4278,이영희,55,70.1
4279,홍길동,45,56.3
4280,홍길동,58,86.2
4281,김민지,33,96.4
4282,홍길동,46,64.5
4283,홍길동,45,58.6
4284,이준호,44,89.3
4285,이영희,26,93.3
4286,정수연,24,84.8
4287,김철수,53,62.4
4288,정수연,32,60.9
4289,홍길동,33,94.1
4290,이영희,57,80.7
4291,홍길동,60,89.4
4292,최지훈,45,98.8
4293,이영희,33,62.5
4294,김민지,21,73.2
4295,김철수,25,84.6
4296,김철수,36,60.2
4297,김철수,32,70.1
4298,김민지,26,53.0
4299,박민수,45,95.9
4300,이준호,22,76.6
4301,최지훈,59,52.8
4302,김철수,45,89.4
4303,홍길동,64,84.0
4304,김철수,34,99.3
4305,정수연,45,79.0
4306,정수연,50,53.2
4307,이영희,51,57.4
4308,박민수,52,77.4
4309,박민수,20,92.0
4310,김철수,34,58.6
4311,홍길동,24,78.1
4312,이영희,45,97.6
4313,김민지,57,79.8
4314,박민수,22,85.6
4315,김민지,20,50.2
4316,최지훈,67,100.0
4317,최지훈,58,73.1
4318,박민수,50,94.1
4319,정수연,33,60.7
4320,김민지,30,57.3
4321,김민지,33,93.9
4322,김철수,19,65.4
4323,이준호,48,76.0
4324,이영희,31,61.6
4325,박민수,58,61.3
4326,박민수,33,84.4
4327,홍길동,67,83.1
4328,박민수,39,55.8
4329,이준호,61,73.6
4330,홍길동,33,93.6
4331,박민수,51,61.7
4332,이준호,40,75.6
4333,홍길동,66,77.0
4334,홍길동,39,85.9
4335,이영희,62,63.6
4336,김민지,22,50.4
4337,이영희,65,74.1
4338,김철수,31,92.2
4339,최지훈,49,65.8
4340,박민수,49,92.9
4341,이준호,45,86.7
4342,김철수,54,84.9
4343,이준호,21,66.5
4344,홍길동,26,91.2
4345,이영희,64,60.3
4346,홍길동,52,98.1
4347,이준호,65,52.4
4348,정수연,25,53.1
4349,김철수,64,93.2
4350,정수연,65,84.4
4351,최지훈,36,70.4
4352,박민수,63,59.5
4353,이준호,29,53.0
4354,이준호,21,76.9
4355,최지훈,65,75.2
4356,최지훈,52,50.8
4357,정수연,66,91.3
4358,홍길동,42,51.5
4359,이준호,61,76.7
4360,정수연,28,90.5
4361,홍길동,23,96.5
4362,정수연,32,76.7
4363,최지훈,19,80.6
4364,김민지,33,66.6
4365,최지훈,45,94.9
4366,김민지,36,77.2
4367,정수연,37,90.1
4368,홍길동,21,55.1
4369,이준호,52,59.9
4370,김민지,37,94.0
4371,홍길동,27,62.3
4372,이영희,23,75.2
4373,이준호,31,96.3
4374,이준호,40,100.0
4375,이영희,62,66.5
4376,김철수,24,73.9
4377,이준호,35,55.1
4378,이영희,52,68.2
4379,박민수,49,55.7
4380,정수연,25,53.3
4381,정수연,45,88.4
4382,김민지,20,62.0
4383,이영희,65,58.6
4384,최지훈,55,76.0
4385,김민지,53,94.6
4386,최지훈,67,66.7
4387,이준호,34,80.8
4388,홍길동,46,88.9
4389,최지훈,49,97.4
4390,이준호,30,61.1
4391,정수연,67,50.1
4392,최지훈,62,99.1
4393,김민지,52,86.7
4394,박민수,46,86.0
4395,박민수,58,74.5
4396,박민수,63,97.5
4397,이영희,58,90.8
4398,정수연,48,50.6
4399,박민수,62,92.0
4400,김민지,44,62.3
4401,김민지,61,78.2
4402,이영희,50,94.7
4403,박민수,36,51.4
4404,이영희,66,68.7
4405,이준호,40,84.5
4406,정수연,59,91.2
4407,박민수,37,57.7
4408,이영희,20,55.7
4409,최지훈,63,87.6
4410,김철수,49,64.6
4411,김민지,38,62.4
4412,김철수,20,85.5
4413,김철수,28,67.5
4414,정수연,60,96.2
4415,이영희,51,56.2
4416,홍길동,67,95.2
4417,최지훈,32,62.2
4418,김민지,44,53.9
4419,이준호,39,64.1
4420,박민수,54,89.5
4421,정수연,31,93.3
4422,홍길동,60,71.9
4423,이영희,29,55.8
4424,이영희,45,84.3
4425,최지훈,42,93.2
4426,최지훈,22,86.2
4427,박민수,44,60.1
4428,김철수,55,63.2
4429,이준호,50,89.7
4430,이준호,19,84.7
4431,박민수,21,52.9
4432,홍길동,48,90.9
4433,김철수,20,97.2
4434,박민수,36,68.3
4435,최지훈,22,54.6
4436,정수연,45,74.3
4437,김철수,36,72.0
4438,김민지,42,84.5
4439,이준호,21,59.7
4440,김민지,64,86.3
4441,이영희,54,79.9
4442,이영희,41,98.5
4443,이영희,22,84.1
4444,최지훈,25,53.5
4445,최지훈,46,92.2
4446,최지훈,19,53.9
4447,박민수,29,61.6
4448,이준호,55,71.3
4449,이준호,32,99.1
4450,김민지,24,68.7
4451,최지훈,48,95.3
4452,이준호,64,51.0
4453,김철수,39,95.2
4454,최지훈,39,76.0
4455,이준호,44,98.2
4456,박민수,62,58.1
4457,홍길동,58,96.0
4458,김철수,56,62.3
4459,김철수,22,82.4
4460,박민수,50,93.9
4461,박민수,55,93.0
4462,홍길동,65,55.7
4463,김민지,40,96.7
4464,김민지,34,95.0
4465,정수연,24,93.8
4466,이영희,28,90.1
4467,이준호,44,83.6
4468,박민수,32,56.8
4469,김민지,53,78.8
4470,박민수,25,68.5
4471,홍길동,32,94.1
4472,김민지,38,65.0
4473,정수연,40,89.6
4474,김민지,26,69.4
4475,김철수,47,91.3
4476,정수연,60,94.1
4477,홍길동,30,55.9
4478,김철수,34,61.2
4479,홍길동,46,61.0
4480,김민지,22,84.2
4481,박민수,32,98.6
4482,박민수,64,52.2
4483,박민수,25,89.7
4484,김민지,53,63.5
4485,박민수,24,62.3
4486,최지훈,46,71.7
4487,이영희,27,89.2
4488,김민지,58,55.6
4489,김철수,56,95.0
4490,이영희,65,85.7
4491,정수연,49,73.5
4492,박민수,25,72.3
4493,박민수,52,57.6
4494,박민수,61,50.1
4495,이영희,33,63.9
4496,최지훈,44,91.0
4497,박민수,58,74.4
4498,김철수,45,96.7
4499,홍길동,62,86.9
4500,최지훈,18,99.3
4501,김민지,58,80.3
4502,이영희,61,75.7
4503,박민수,56,55.0
4504,김철수,28,54.6
4505,최지훈,59,67.1
4506,김민지,22,56.1
4507,박민수,60,68.9
4508,최지훈,33,85.5
4509,이준호,42,61.2
4510,정수연,41,50.7
4511,김민지,63,75.3
4512,이영희,29,65.6
4513,최지훈,65,61.4
4514,박민수,43,75.2
4515,이준호,58,89.6
4516,박민수,64,87.7
4517,이준호,25,97.2
4518,최지훈,66,89.2
4519,이영희,21,88.9
4520,김민지,58,96.5
4521,김민지,44,82.7
4522,이준호,40,73.2
4523,박민수,38,80.1
4524,김민지,54,93.7
4525,김철수,27,61.3
4526,김철수,33,92.5
4527,김민지,51,72.6
4528,정수연,46,67.5
4529,김민지,31,73.7
4530,김철수,56,70.5
4531,최지훈,56,77.9
4532,정수연,53,97.0
4533,홍길동,43,97.7
4534,김민지,53,76.9
4535,김민지,45,58.9
4536,정수연,52,98.3
4537,정수연,44,99.1
4538,정수연,63,75.9
4539,이준호,20,82.7
4540,홍길동,43,62.9
4541,최지훈,50,93.7
4542,박민수,60,63.6
4543,김민지,63,73.9
4544,김민지,33,81.8
4545,이준호,30,65.9
4546,홍길동,24,94.1
4547,김민지,47,81.0
4548,홍길동,63,97.4
4549,박민수,51,59.1
4550,최지훈,55,98.8
4551,홍길동,50,68.0
4552,김민지,48,93.2
4553,김민지,45,62.0
4554,최지훈,54,72.7
4555,홍길동,58,84.3
4556,김철수,66,92.1
4557,박민수,19,54.5
4558,이준호,34,61.8
4559,최지훈,41,61.7
4560,김민지,55,90.0
4561,홍길동,23,58.5
4562,김민지,24,56.0
4563,정수연,27,95.5
4564,홍길동,40,73.7
4565,박민수,57,52.1
4566,홍길동,22,51.4
4567,김민지,45,79.5
4568,김민지,48,83.7
4569,홍길동,56,61.9
4570,이영희,30,53.2
4571,김민지,42,94.4
4572,이준호,41,84.7
4573,김철수,28,85.7
4574,이준호,24,54.3
4575,김철수,19,60.6
4576,박민수,49,70.8
4577,이준호,43,59.9
4578,박민수,64,57.7
4579,이준호,18,98.6
4580,박민수,35,81.0
4581,이준호,21,59.6
4582,이준호,40,86.0
4583,정수연,49,97.7
4584,최지훈,36,66.9
4585,김철수,26,79.5
4586,최지훈,18,50.5
4587,박민수,35,86.1
4588,박민수,31,88.9
4589,이영희,26,80.0
4590,김민지,60,66.6
4591,박민수,56,69.2
4592,이영희,30,55.1
4593,홍길동,24,99.5
4594,이준호,45,74.0
4595,정수연,35,69.9
4596,정수연,43,77.6
4597,최지훈,39,54.0
4598,김철수,55,78.2
4599,홍길동,64,73.4
4600,김민지,43,85.1
4601,정수연,19,88.2
4602,홍길동,28,62.0
4603,정수연,37,67.8
4604,김철수,50,79.5
4605,이준호,51,63.7
4606,박민수,50,67.7
4607,이영희,65,56.9
4608,김철수,65,55.7
4609,박민수,28,54.2
4610,이준호,23,91.7
4611,최지훈,20,51.6
4612,이영희,38,90.3
4613,박민수,32,92.9
4614,박민수,52,72.7
4615,이영희,37,97.6
4616,김민지,41,78.8
4617,이영희,65,81.0
4618,이준호,50,97.5
4619,김철수,50,79.2
4620,박민수,23,78.4
4621,정수연,41,94.6
4622,이준호,67,83.1
4623,정수연,29,88.7
4624,홍길동,49,99.0
4625,이영희,55,87.5
4626,이준호,28,86.3
4627,이준호,32,66.9
4628,이준호,41,72.0
4629,이영희,39,80.8
4630,홍길동,59,50.7
4631,홍길동,65,74.5
4632,김민지,21,52.5
4633,정수연,23,91.2
4634,김민지,24,61.6
4635,홍길동,39,81.7
4636,정수연,54,55.4
4637,홍길동,53,55.9
4638,김철수,42,92.2
4639,김민지,63,51.9
4640,박민수,40,87.7
4641,이영희,49,73.0
4642,최지훈,57,97.3
4643,최지훈,23,69.9
4644,홍길동,47,60.7
4645,김철수,19,67.5
4646,최지훈,56,84.1
4647,홍길동,24,73.3
4648,박민수,50,60.4
4649,박민수,38,56.3
4650,김민지,55,67.8
4651,최지훈,37,87.5
4652,김철수,29,85.5
4653,홍길동,31,50.3
4654,박민수,40,92.9
4655,이영희,38,88.3
4656,김민지,25,76.6
4657,홍길동,64,80.7
4658,최지훈,42,54.9
4659,정수연,37,53.2
4660,이준호,54,82.2
4661,홍길동,54,67.0
4662,이준호,30,80.3
4663,이영희,19,75.5
4664,최지훈,42,86.6
4665,최지훈,45,93.3
4666,정수연,18,68.7
4667,이영희,31,87.1
4668,홍길동,38,71.3
4669,이영희,56,86.1
4670,박민수,61,59.0
4671,이준호,19,60.2
4672,최지훈,23,80.8
4673,이준호,22,89.9
4674,정수연,65,84.3
4675,박민수,61,80.4
4676,최지훈,61,65.9
4677,박민수,41,83.7
4678,홍길동,41,83.5
4679,최지훈,56,67.0
4680,정수연,55,68.7
4681,김민지,43,51.4
4682,박민수,51,64.4
4683,이준호,37,99.8
4684,박민수,58,93.3
4685,김민지,62,97.4
4686,김철수,29,79.9
4687,정수연,28,81.7
4688,이영희,39,59.6
4689,이준호,60,56.5
4690,박민수,22,69.6
4691,박민수,50,69.8
4692,김철수,49,52.5
4693,김민지,57,76.9
4694,이영희,56,50.1
4695,최지훈,33,53.5
4696,김민지,67,87.1
4697,김민지,35,86.9
4698,김철수,27,76.5
4699,이준호,63,89.3
4700,홍길동,23,78.8
4701,이준호,56,55.2
4702,박민수,61,99.5
4703,최지훈,61,74.1
4704,박민수,43,54.6
4705,이준호,47,95.8
4706,박민수,67,55.0
4707,이준호,57,63.5
4708,김민지,31,74.9
4709,정수연,67,61.7
4710,이준호,41,77.5
4711,김민지,46,65.0
4712,김민지,23,68.4
4713,이영희,59,58.7
4714,김민지,65,56.7
4715,최지훈,47,53.9
4716,김철수,35,87.8
4717,홍길동,35,79.8
4718,홍길동,51,51.9
4719,이영희,20,88.5
4720,박민수,33,75.2
4721,홍길동,25,98.3
4722,박민수,27,99.7
4723,홍길동,61,95.1
4724,김철수,67,61.0
4725,김민지,29,75.0
4726,최지훈,24,86.3
4727,이영희,67,57.8
4728,홍길동,57,92.2
4729,이영희,31,77.8
4730,박민수,31,97.8
4731,최지훈,30,93.0
4732,최지훈,36,90.2
4733,김철수,18,57.1
4734,박민수,58,69.2
4735,홍길동,62,92.4
4736,이영희,20,52.5
4737,이영희,63,56.7
4738,최지훈,67,70.3
4739,이영희,43,87.7
4740,이영희,54,60.3
4741,이영희,66,98.2
4742,최지훈,33,99.3
4743,김철수,60,97.1
4744,이영희,44,56.7
4745,정수연,35,65.8
4746,정수연,32,91.3
4747,정수연,57,50.2
4748,김민지,39,66.8
4749,최지훈,56,54.8
4750,박민수,39,86.2
4751,박민수,50,83.2
4752,김철수,58,95.9
4753,김민지,34,58.8
4754,이준호,61,73.8
4755,김민지,36,65.2
4756,박민수,62,64.6
4757,홍길동,42,82.1
4758,김민지,21,79.2
4759,박민수,45,97.5
4760,박민수,34,82.7
4761,이준호,30,77.3
4762,김민지,50,56.3
4763,박민수,21,67.6
4764,김철수,52,76.3
4765,박민수,33,91.1
4766,김철수,42,52.4
4767,정수연,42,52.1
4768,홍길동,42,95.4
4769,이영희,43,66.7
4770,박민수,22,75.9
4771,이영희,62,62.6
4772,정수연,57,91.9
4773,이영희,51,92.4
4774,최지훈,52,65.1
4775,박민수,54,53.7
4776,최지훈,42,97.5
4777,이영희,18,71.8
4778,김민지,63,76.1
4779,홍길동,60,98.5
4780,정수연,42,91.6
4781,이영희,40,50.2
4782,이영희,18,54.8
4783,김민지,62,72.4
4784,이준호,35,91.9
4785,홍길동,40,95.9
4786,정수연,60,89.3
4787,이준호,38,54.5
4788,이준호,56,98.2
4789,최지훈,19,94.3
4790,이준호,64,58.8
4791,이영희,37,98.4
4792,최지훈,49,95.9
4793,김철수,29,68.3
4794,이영희,26,71.0
4795,홍길동,24,86.5
4796,김민지,62,85.1
4797,최지훈,26,55.0
4798,김민지,62,89.2
4799,정수연,28,84.9
4800,홍길동,25,55.2
4801,김민지,44,73.5
4802,김민지,43,54.5
4803,최지훈,61,86.1
4804,정수연,31,63.5
4805,김민지,25,92.4
4806,홍길동,60,97.9
4807,정수연,52,56.2
4808,이영희,56,64.0
4809,김철수,43,77.4
4810,최지훈,27,91.7
4811,김철수,50,81.1
4812,정수연,41,53.0
4813,홍길동,55,60.7
4814,이영희,64,97.2
4815,홍길동,63,84.8
4816,이준호,53,67.8
4817,김철수,34,92.5
4818,박민수,25,87.7
4819,홍길동,18,65.5
4820,박민수,56,96.4
4821,이준호,43,73.5
4822,최지훈,19,66.1
4823,이준호,37,54.3
4824,김철수,67,97.5
4825,김민지,49,67.3
4826,홍길동,18,77.3
4827,홍길동,43,79.3
4828,김철수,46,79.7
4829,최지훈,34,69.2
4830,이영희,50,97.7
4831,최지훈,66,91.7
4832,정수연,35,56.7
4833,최지훈,63,72.7
4834,이영희,30,85.9
4835,김민지,22,55.5
4836,정수연,47,97.6
4837,이영희,55,95.0
4838,홍길동,66,75.8
4839,김철수,44,77.0
4840,홍길동,29,58.3
4841,박민수,49,85.1
4842,이영희,35,94.8
4843,박민수,48,73.6
4844,이준호,63,76.9
4845,김철수,56,69.9
4846,이준호,55,76.0
4847,최지훈,61,94.8
4848,김민지,41,80.5
4849,최지훈,59,55.4
4850,김민지,54,82.8
4851,이준호,54,98.7
4852,최지훈,18,66.5
4853,정수연,23,64.8
4854,김민지,22,81.2
4855,이준호,31,57.1
4856,정수연,22,70.6
4857,김민지,25,85.6
4858,박민수,48,56.3
4859,최지훈,30,85.2
4860,이준호,52,66.9
4861,김민지,23,90.6
4862,이준호,40,51.5
4863,김철수,48,69.6
4864,이영희,49,90.6
4865,정수연,58,87.5
4866,김민지,40,64.5
4867,김민지,56,76.0
4868,김민지,33,82.9
4869,이영희,51,64.1
4870,박민수,64,50.7
4871,박민수,62,74.7
4872,김민지,65,51.6
4873,김철수,60,98.5
4874,이영희,48,52.0
4875,김민지,52,86.4
4876,정수연,39,67.5
4877,박민수,27,75.7
4878,이준호,18,58.1
4879,박민수,31,99.2
4880,박민수,50,52.3
4881,홍길동,26,99.3
4882,이준호,21,79.7
4883,최지훈,37,59.5
4884,이영희,41,85.5
4885,박민수,48,69.9
4886,최지훈,67,64.4
4887,이준호,34,98.4
4888,김철수,67,59.7
4889,김민지,25,87.1
4890,최지훈,65,89.4
4891,홍길동,65,82.9
4892,박민수,18,85.8
4893,김철수,51,53.2
4894,박민수,31,64.0
4895,최지훈,63,66.1
4896,김철수,54,97.6
4897,김철수,42,70.8
4898,이영희,29,51.4
4899,이영희,44,84.3
4900,김철수,19,76.2
4901,이준호,28,97.6
4902,정수연,44,66.3
4903,박민수,63,99.7
4904,김민지,55,83.4
4905,홍길동,50,71.5
4906,홍길동,32,65.3
4907,이준호,40,77.1
4908,최지훈,59,64.6
4909,김민지,45,78.3
4910,최지훈,63,91.4
4911,김철수,55,66.4
4912,이영희,19,98.0
4913,이준호,48,95.9
4914,이영희,39,71.1
4915,이영희,20,54.9
4916,최지훈,36,95.4
4917,이준호,64,91.8
4918,김민지,38,89.5
4919,김민지,35,67.3
4920,박민수,48,50.2
4921,이영희,52,84.6
4922,정수연,60,78.8
4923,이준호,30,78.7
4924,이영희,43,96.1
4925,김철수,29,83.8
4926,최지훈,31,94.5
4927,홍길동,37,86.7
4928,최지훈,26,81.5
4929,이영희,47,71.3
4930,김철수,60,86.2
4931,박민수,64,85.4
4932,김민지,40,74.2
4933,김철수,47,80.5
4934,김민지,28,79.6
4935,홍길동,66,56.7
4936,홍길동,27,50.2
4937,홍길동,64,95.8
4938,이준호,38,67.7
4939,최지훈,63,53.0
4940,김철수,31,59.2
4941,정수연,46,88.4
4942,이영희,26,60.7
4943,김철수,58,56.3
4944,김민지,61,58.3
4945,이영희,54,88.0
4946,이영희,30,74.2
4947,최지훈,64,86.6
4948,이준호,51,52.1
4949,김철수,41,56.2
4950,정수연,46,95.2
4951,박민수,33,81.3
4952,김철수,24,73.5
4953,홍길동,46,85.0
4954,이준호,61,61.3
4955,박민수,29,57.1
4956,김민지,56,87.5
4957,박민수,32,99.8
4958,이영희,20,73.6
4959,박민수,39,96.1
4960,김철수,41,79.4
4961,최지훈,25,92.8
4962,정수연,56,98.9
4963,김민지,53,55.4
4964,박민수,64,56.8
4965,정수연,25,52.4
4966,김민지,25,54.6
4967,이준호,33,86.6
4968,이영희,61,82.5
4969,김철수,19,50.8
4970,이준호,27,64.4
4971,홍길동,24,52.0
4972,정수연,34,59.9
4973,이영희,54,99.6
4974,박민수,18,69.7
4975,박민수,45,80.7
4976,이준호,31,95.7
4977,이영희,43,83.3
4978,최지훈,55,67.3
4979,최지훈,41,85.1
4980,김민지,56,83.8
4981,이준호,49,59.7
4982,이준호,27,53.2
4983,김민지,25,80.4
4984,박민수,25,57.6
4985,이영희,51,66.5
4986,김철수,42,81.8
4987,박민수,48,78.7
4988,박민수,51,54.3
4989,박민수,48,99.0
4990,홍길동,39,68.3
4991,이영희,51,88.0
4992,이준호,61,95.0
4993,이영희,27,93.1
4994,최지훈,33,59.3
4995,박민수,19,52.1
4996,홍길동,45,50.5
4997,홍길동,50,62.2
4998,박민수,35,75.9
4999,박민수,47,61.9
5000,이영희,39,74.3
